Tournament,Date,Team_1,Team_2,Score_1,Score_2,Game_Rank_Diff_USAU,Game_Wght_USAU,Is_Ignored_USAU,Team_Rank_Diff_USAU,Game_Rank_Diff_Windmill,Game_Wght_Windmill,Is_Ignored_Windmill,Team_Rank_Diff_Windmill,Game_Rank_Diff_Sigmoid,Game_Wght_Sigmoid,Is_Ignored_Sigmoid,Team_Rank_Diff_Sigmoid
Spring Invite Leuven,2023-04-21,7 Schwaben,Bora,15,9,515.4814780292847,1.0,0,197.93999999999997,6,1,0,1.8,6,1,0,2.098153245849886
Spring Invite Leuven,2023-04-21,7 Schwaben,Révolution'air,15,9,515.4814780292847,1.0,0,441.24,6,1,0,5.14,6,1,0,5.219784254771046
Spring Invite Leuven,2023-04-21,7 Schwaben,Uprising,15,9,515.4814780292847,1.0,0,121.92999999999998,6,1,0,1.07,6,1,0,1.222035548906515
Spring Invite Leuven,2023-04-21,7 Schwaben,XVI,13,8,496.1596377856195,1.0,0,72.94999999999999,5,1,0,0.28,5,1,0,0.6475971928512543
Spring Invite Leuven,2023-04-21,Aarhus Ultimate,Frizzly Bears,15,14,125.0,1.0,0,-126.13999999999999,1,1,0,-1.69,1,1,0,-1.6730104287788272
Spring Invite Leuven,2023-04-21,Aarhus Ultimate,UFO,12,11,125.0,1.0,0,-137.76999999999998,1,1,0,-1.8900000000000001,1,1,0,-1.7425964300344692
Spring Invite Leuven,2023-04-21,Aarhus Ultimate,XVI,13,10,328.14240231865136,1.0,0,-30.849999999999994,3,1,0,-0.8300000000000001,3,1,0,-0.17624188927604045
Spring Invite Leuven,2023-04-21,Bad Skid,Aarhus Ultimate,15,6,600.0,1.0,1,636.73,9,1,0,8.25,9,1,0,8.182474459859499
Spring Invite Leuven,2023-04-21,Bad Skid,Hard2Fisch,15,7,600.0,1.0,0,1023.3799999999999,8,1,0,13.780000000000001,8,1,0,11.963012638484372
Spring Invite Leuven,2023-04-21,Bad Skid,SmashD,15,6,600.0,1.0,0,429.78999999999996,9,1,0,5.630000000000001,9,1,0,6.060377065855597
Spring Invite Leuven,2023-04-21,Bad Skid,Terrible Monkeys,15,8,564.8086448756737,1.0,0,612.55,7,1,0,7.45,7,1,0,7.75349787829731
Spring Invite Leuven,2023-04-21,Bora,Révolution'air,13,12,125.0,1.0,0,243.30000000000007,1,1,0,3.34,1,1,0,3.281351251821178
Spring Invite Leuven,2023-04-21,Bora,Uprising,13,10,328.14240231865136,1.0,0,-76.00999999999999,3,1,0,-0.73,3,1,0,-0.8862166988900704
Spring Invite Leuven,2023-04-21,Freezzz Beezzz,7 Schwaben,15,8,564.8086448756737,1.0,0,187.53,7,1,0,2.6399999999999997,7,1,0,2.959188210450428
Spring Invite Leuven,2023-04-21,Freezzz Beezzz,Aarhus Ultimate,15,9,515.4814780292847,1.0,0,291.33,6,1,0,3.75,6,1,0,3.7420843449749803
Spring Invite Leuven,2023-04-21,Freezzz Beezzz,SmashD,15,11,381.1647521399218,1.0,0,84.39,4,1,0,1.13,4,1,0,1.0684375397490449
Spring Invite Leuven,2023-04-21,Freezzz Beezzz,Uprising,13,11,228.8403622143806,1.0,0,309.46,2,1,0,3.71,2,1,0,4.11508549822554
Spring Invite Leuven,2023-04-21,Frizzly Bears,Bora,15,8,564.8086448756737,1.0,0,220.27999999999997,7,1,0,2.38,7,1,0,2.9296230570211605
Spring Invite Leuven,2023-04-21,Frizzly Bears,Hard2Fisch,15,11,381.1647521399218,1.0,0,512.79,4,1,0,7.22,4,1,0,7.968372639693715
Spring Invite Leuven,2023-04-21,Gentle Open,Bora,15,4,600.0,1.0,0,487.62,11,1,0,6.29,11,1,0,6.694254790309916
Spring Invite Leuven,2023-04-21,Gentle Open,Freezzz Beezzz,15,11,381.1647521399218,1.0,0,102.15,4,1,0,1.85,4,1,0,2.0768244854145195
Spring Invite Leuven,2023-04-21,Gentle Open,Révolution'air,15,6,600.0,1.0,1,730.9200000000001,9,1,0,9.629999999999999,9,1,0,9.08833414182072
Spring Invite Leuven,2023-04-21,Gentle Open,Terrible Monkeys,15,12,300.4922431832018,1.0,0,369.3,3,1,0,4.8,3,1,0,5.103415311734505
Spring Invite Leuven,2023-04-21,Gentle Open,Terrible Monkeys,15,0,600.0,1.0,0,369.3,15,1,0,4.8,15,1,0,5.103415311734505
Spring Invite Leuven,2023-04-21,JetSet Ultimate Open,Aarhus Ultimate,15,9,515.4814780292847,1.0,0,462.28,6,1,0,6.050000000000001,6,1,0,6.086712738741806
Spring Invite Leuven,2023-04-21,JetSet Ultimate Open,Bad Skid,15,14,125.0,1.0,0,-174.45,1,1,0,-2.2,1,1,0,-2.691541971495173
Spring Invite Leuven,2023-04-21,JetSet Ultimate Open,Frizzly Bears,15,10,453.6039151898044,1.0,0,336.14,5,1,0,4.36,5,1,0,4.622928533125716
Spring Invite Leuven,2023-04-21,JetSet Ultimate Open,Gentle Open,13,12,125.0,1.0,0,68.79999999999998,1,1,0,0.4500000000000002,1,1,0,0.545009976494212
Spring Invite Leuven,2023-04-21,JetSet Ultimate Open,SmashD,15,7,600.0,1.0,0,255.33999999999997,8,1,0,3.43,8,1,0,3.6321543248222206
Spring Invite Leuven,2023-04-21,JetSet Ultimate Open,XVI,15,8,564.8086448756737,1.0,0,431.42999999999995,7,1,0,5.220000000000001,7,1,0,5.9387852288621374
Spring Invite Leuven,2023-04-21,SmashD,Hard2Fisch,15,9,515.4814780292847,1.0,0,593.5899999999999,6,1,0,8.15,6,1,0,8.708827565576858
Spring Invite Leuven,2023-04-21,SmashD,UFO,15,10,453.6039151898044,1.0,0,69.17,5,1,0,0.73,5,1,0,1.000512267231855
Spring Invite Leuven,2023-04-21,Terrible Monkeys,Bora,15,9,515.4814780292847,1.0,0,118.31999999999996,6,1,0,1.49,6,1,0,1.8756317565782084
Spring Invite Leuven,2023-04-21,Terrible Monkeys,Révolution'air,15,5,600.0,1.0,0,361.62,10,1,0,4.83,10,1,0,5.019675765473583
Spring Invite Leuven,2023-04-21,Terrible Monkeys,UFO,15,12,300.4922431832018,1.0,0,-113.59,3,1,0,-1.0899999999999999,3,1,0,-1.1504859975382313
Spring Invite Leuven,2023-04-21,UFO,7 Schwaben,15,12,300.4922431832018,1.0,0,33.97,3,1,0,0.7799999999999999,3,1,0,0.9250745098076045
Spring Invite Leuven,2023-04-21,UFO,Freezzz Beezzz,15,13,214.17926913507503,1.0,0,-153.56,2,1,0,-1.8599999999999999,2,1,0,-2.059166616102125
Spring Invite Leuven,2023-04-21,UFO,Uprising,14,7,582.8868714046324,1.0,0,155.89999999999998,7,1,0,1.85,7,1,0,2.1363762026457778
Spring Invite Leuven,2023-04-21,Uprising,Hard2Fisch,15,4,600.0,1.0,0,368.52,11,1,0,5.57,11,1,0,6.367272960155944
Spring Invite Leuven,2023-04-21,Uprising,Révolution'air,11,10,125.0,1.0,0,319.31000000000006,1,1,0,4.07,1,1,0,4.1143919351414056
Spring Invite Leuven,2023-04-21,XVI,Frizzly Bears,13,12,125.0,1.0,0,-95.28999999999999,1,1,0,-0.86,1,1,0,-1.4987325753794245
Spring Invite Leuven,2023-04-21,XVI,Hard2Fisch,15,5,600.0,1.0,0,417.5,10,1,0,6.359999999999999,10,1,0,6.832281139005321
Spring Invite Padova,2023-04-21,3SB - Open,Alligators,12,10,238.1225775586291,1.0,0,229.78,2,1,0,2.8700000000000006,2,1,0,2.9570257144229686
Spring Invite Padova,2023-04-21,3SB - Open,Cus Padova Barbastreji,15,8,564.8086448756737,1.0,0,449.54,7,1,0,5.3100000000000005,7,1,0,5.46664639202028
Spring Invite Padova,2023-04-21,3SB - Open,FWD>>,15,6,600.0,1.0,0,566.04,9,1,0,6.87,9,1,0,6.988255838964445
Spring Invite Padova,2023-04-21,3SB - Open,Flying Angels Bern,15,9,515.4814780292847,1.0,0,318.82,6,1,0,4.07,6,1,0,4.367630038646826
Spring Invite Padova,2023-04-21,3SB - Open,Panthers Bern,15,8,564.8086448756737,1.0,0,387.15,7,1,0,4.590000000000001,7,1,0,4.742064419233625
Spring Invite Padova,2023-04-21,3SB - Open,Red Bulls,15,12,300.4922431832018,1.0,0,436.52,3,1,0,4.61,3,1,0,4.946280370901572
Spring Invite Padova,2023-04-21,Alligators,Canieporci,15,9,515.4814780292847,1.0,0,651.14,6,1,0,8.58,6,1,0,8.540143024059653
Spring Invite Padova,2023-04-21,Alligators,Cotarica Grandes,11,8,365.60925011032475,1.0,0,38.81,3,1,0,-0.040000000000000036,3,1,0,0.11999744006553392
Spring Invite Padova,2023-04-21,Alligators,Outsiterz,15,13,214.17926913507503,1.0,0,226.93,2,1,0,2.19,2,1,0,2.2464744810002735
Spring Invite Padova,2023-04-21,Alligators,Panthers Wroclaw - Open,15,8,564.8086448756737,1.0,0,73.09,7,1,0,0.8300000000000001,7,1,0,1.1996821710975922
Spring Invite Padova,2023-04-21,Canieporci,SLOVENIA,15,9,515.4814780292847,1.0,0,152.33000000000004,6,1,0,0.9300000000000006,6,1,0,1.5336224144066435
Spring Invite Padova,2023-04-21,Cotarica Grandes,Panthers Bern,15,11,381.1647521399218,1.0,0,118.56,4,1,0,1.76,4,1,0,1.7854947730581578
Spring Invite Padova,2023-04-21,Cotarica Grandes,Red Bulls,15,11,381.1647521399218,1.0,0,167.93,4,1,0,1.7799999999999998,4,1,0,2.009841087433742
Spring Invite Padova,2023-04-21,Cotarica Grandes,SLOVENIA,15,7,600.0,1.0,0,764.6600000000001,8,1,0,9.55,8,1,0,9.447591923861676
Spring Invite Padova,2023-04-21,Cotarica Grandes,thebigEZ,15,9,515.4814780292847,1.0,0,356.73,6,1,0,4.38,6,1,0,4.660228723303298
Spring Invite Padova,2023-04-21,Cus Padova Barbastreji,Cotarica Grandes,14,11,313.3379659704299,1.0,0,-180.95,3,1,0,-2.48,3,1,0,-2.587613568799995
Spring Invite Padova,2023-04-21,Cus Padova Barbastreji,Freespeed,13,12,125.0,1.0,0,66.73,1,1,0,0.81,1,1,0,0.8981742442317291
Spring Invite Padova,2023-04-21,Cus Padova Barbastreji,Hardfisch,15,10,453.6039151898044,1.0,0,187.12,5,1,0,2.29,5,1,0,2.6210735532235994
Spring Invite Padova,2023-04-21,Cus Padova Barbastreji,M.U.C.,13,12,125.0,1.0,0,-376.45,1,1,0,-4.87,1,1,0,-4.963652554291482
Spring Invite Padova,2023-04-21,FWD>>,Canieporci,15,7,600.0,1.0,0,314.88,8,1,0,4.58,8,1,0,4.932238112341281
Spring Invite Padova,2023-04-21,FWD>>,Hardfisch,14,13,125.0,1.0,0,70.61999999999998,1,1,0,0.7300000000000002,1,1,0,0.8054744606734303
Spring Invite Padova,2023-04-21,Flying Angels Bern,Canieporci,15,7,600.0,1.0,0,562.1,8,1,0,7.38,8,1,0,7.467822511963366
Spring Invite Padova,2023-04-21,Flying Angels Bern,FWD>>,13,10,328.14240231865136,1.0,0,247.22000000000003,3,1,0,2.8,3,1,0,3.031917014457676
Spring Invite Padova,2023-04-21,Freespeed,Flying Angels Bern,13,12,125.0,1.0,0,-197.45,1,1,0,-2.05,1,1,0,-2.1172682311367836
Spring Invite Padova,2023-04-21,Freespeed,Hardfisch,15,4,600.0,1.0,0,120.38999999999999,11,1,0,1.48,11,1,0,1.7411166571305436
Spring Invite Padova,2023-04-21,Freespeed,Outsiterz,13,12,125.0,1.0,0,-59.56,1,1,0,-1.06,1,1,0,-1.3657074025797904
Spring Invite Padova,2023-04-21,Freespeed,SLOVENIA,15,11,381.1647521399218,1.0,0,516.98,4,1,0,6.260000000000001,4,1,0,7.013480747081623
Spring Invite Padova,2023-04-21,Hardfisch,SLOVENIA,15,14,125.0,1.0,0,396.59000000000003,1,1,0,4.78,1,1,0,5.574928810571109
Spring Invite Padova,2023-04-21,M.U.C.,Alligators,15,10,453.6039151898044,1.0,0,156.68999999999997,5,1,0,2.43,5,1,0,2.403117542896908
Spring Invite Padova,2023-04-21,M.U.C.,Canieporci,15,4,600.0,1.0,1,807.8299999999999,11,1,0,11.01,11,1,0,10.028526668752455
Spring Invite Padova,2023-04-21,M.U.C.,Outsiterz,15,10,453.6039151898044,1.0,0,383.62,5,1,0,4.62,5,1,0,4.540645939981626
Spring Invite Padova,2023-04-21,M.U.C.,Panthers Bern,15,12,300.4922431832018,1.0,0,314.05999999999995,3,1,0,4.15,3,1,0,4.220974899571328
Spring Invite Padova,2023-04-21,M.U.C.,Red Bulls,15,8,564.8086448756737,1.0,0,363.42999999999995,7,1,0,4.17,7,1,0,4.430010518576346
Spring Invite Padova,2023-04-21,Outsiterz,Canieporci,15,5,600.0,1.0,0,424.21000000000004,10,1,0,6.39,10,1,0,6.880338606175396
Spring Invite Padova,2023-04-21,Outsiterz,FWD>>,15,14,125.0,1.0,0,109.33000000000001,1,1,0,1.81,1,1,0,2.294107688176542
Spring Invite Padova,2023-04-21,Outsiterz,thebigEZ,15,12,300.4922431832018,1.0,0,168.60999999999999,3,1,0,2.15,3,1,0,2.6479675253651678
Spring Invite Padova,2023-04-21,Panthers Bern,Panthers Wroclaw - Open,15,13,214.17926913507503,1.0,0,-84.28,2,1,0,-0.8899999999999999,2,1,0,-0.7112163116669681
Spring Invite Padova,2023-04-21,Panthers Bern,SLOVENIA,15,9,515.4814780292847,1.0,0,646.1,6,1,0,7.79,6,1,0,8.283094594448642
Spring Invite Padova,2023-04-21,Panthers Bern,thebigEZ,13,8,496.1596377856195,1.0,0,238.17,5,1,0,2.62,5,1,0,2.985128155709887
Spring Invite Padova,2023-04-21,Panthers Wroclaw - Open,Cus Padova Barbastreji,11,9,249.2068104043629,1.0,0,146.67000000000002,2,1,0,1.6099999999999999,2,1,0,1.526200435531699
Spring Invite Padova,2023-04-21,Panthers Wroclaw - Open,Freespeed,14,12,220.95664314305532,1.0,0,213.4,2,1,0,2.42,2,1,0,2.409693819128318
Spring Invite Padova,2023-04-21,Panthers Wroclaw - Open,Hardfisch,15,8,564.8086448756737,1.0,0,333.78999999999996,7,1,0,3.9,7,1,0,4.074827475349441
Spring Invite Padova,2023-04-21,Red Bulls,FWD>>,13,12,125.0,1.0,0,129.52,1,1,0,2.26,1,1,0,2.412616303534758
Spring Invite Padova,2023-04-21,Red Bulls,Flying Angels Bern,13,9,418.5661446562001,1.0,0,-117.7,4,1,0,-0.5399999999999998,4,1,0,-0.6401110112782344
Spring Invite Padova,2023-04-21,Red Bulls,Panthers Wroclaw - Open,11,10,125.0,1.0,0,-133.65,1,1,0,-0.9099999999999997,1,1,0,-0.9385224139869468
Spring Invite Padova,2023-04-21,thebigEZ,Flying Angels Bern,8,7,125.0,0.8885233166386386,0,-306.5,1,1,0,-3.1399999999999997,1,1,0,-3.3790362930141953
Spring Invite Padova,2023-04-21,thebigEZ,Hardfisch,15,10,453.6039151898044,1.0,0,11.340000000000003,5,1,0,0.3900000000000001,5,1,0,0.44237168279203587
Spring Invite Padova,2023-04-21,thebigEZ,SLOVENIA,15,9,515.4814780292847,1.0,0,407.93000000000006,6,1,0,5.17,6,1,0,5.952060863203844
Toms Tourney,2023-05-05,Alba,Bora,15,9,515.4814780292847,1.0,0,541.77,6,1,0,6.52,6,1,0,6.9694509810392695
Toms Tourney,2023-05-05,Alba,Frizstyle,14,12,220.95664314305532,1.0,0,174.97,2,1,0,1.98,2,1,0,2.114327919167099
Toms Tourney,2023-05-05,Alba,GB U24 open @ Toms Tourney,13,9,418.5661446562001,1.0,0,13.890000000000015,4,1,0,0.5,4,1,0,0.5150474439102837
Toms Tourney,2023-05-05,Alba,Gentle Open,15,9,515.4814780292847,1.0,0,54.150000000000006,6,1,0,0.22999999999999998,6,1,0,0.3471879802657014
Toms Tourney,2023-05-05,Alba,Red Bulls,13,11,228.8403622143806,1.0,0,192.83,2,1,0,2.15,2,1,0,2.452051353074758
Toms Tourney,2023-05-05,BEL U24 @ Toms Tourney,GB masters @ Toms Tourney,12,5,600.0,0.9459053029269173,0,643.74,7,1,0,7.59,7,1,0,7.579522481811271
Toms Tourney,2023-05-05,BEL U24 @ Toms Tourney,Iznogood,15,9,515.4814780292847,1.0,0,254.28,6,1,0,3.4299999999999997,6,1,0,3.645565707828329
Toms Tourney,2023-05-05,BEL U24 @ Toms Tourney,JetSet Ultimate Open,15,12,300.4922431832018,1.0,0,234.67000000000002,3,1,0,2.8899999999999997,3,1,0,3.159729484167002
Toms Tourney,2023-05-05,BEL U24 @ Toms Tourney,Panthers Bern,15,6,600.0,1.0,0,392.78,9,1,0,5.24,9,1,0,5.398878439406133
Toms Tourney,2023-05-05,BEL U24 @ Toms Tourney,Wall City,13,11,228.8403622143806,1.0,0,87.25,2,1,0,1.2599999999999998,2,1,0,1.3359507112921563
Toms Tourney,2023-05-05,BFD La Fotta,BEL U24 @ Toms Tourney,14,13,125.0,1.0,0,215.42000000000002,1,1,0,2.8899999999999997,1,1,0,3.093727721459338
Toms Tourney,2023-05-05,BFD La Fotta,Freespeed,15,4,600.0,1.0,1,737.32,11,1,0,9.66,11,1,0,9.07170293667619
Toms Tourney,2023-05-05,BFD La Fotta,Frizzly Bears,15,7,600.0,1.0,0,786.23,8,1,0,10.139999999999999,8,1,0,9.452115265889748
Toms Tourney,2023-05-05,BFD La Fotta,GB U24 open @ Toms Tourney,15,6,600.0,1.0,0,478.63,9,1,0,6.5,9,1,0,6.580865296450831
Toms Tourney,2023-05-05,BFD La Fotta,Gentle Open,15,10,453.6039151898044,1.0,0,518.89,5,1,0,6.2299999999999995,5,1,0,6.444537603337995
Toms Tourney,2023-05-05,BFD La Fotta,Spain open @ Toms Tourney,15,11,381.1647521399218,1.0,0,243.97000000000003,4,1,0,3.1999999999999993,4,1,0,3.4139020590904217
Toms Tourney,2023-05-05,BFD La Fotta,Tchac,15,8,564.8086448756737,1.0,0,194.3,7,1,0,3.21,7,1,0,3.3683553847715118
Toms Tourney,2023-05-05,Bora,Ka-Pow!,15,10,453.6039151898044,1.0,0,96.08000000000004,5,1,0,1.9100000000000001,5,1,0,2.4169996775466984
Toms Tourney,2023-05-05,Cotarica Grandes,Frizstyle,13,12,125.0,1.0,0,150.07,1,1,0,1.6099999999999999,1,1,0,1.6693069749889489
Toms Tourney,2023-05-05,Cotarica Grandes,Ireland open @ Toms Tourney,14,10,398.70186369942724,1.0,0,109.12,4,1,0,0.8900000000000001,4,1,0,1.3396708823101804
Toms Tourney,2023-05-05,Cotarica Grandes,Ka-Pow!,15,8,564.8086448756737,1.0,0,612.95,7,1,0,8.06,7,1,0,8.428442967537393
Toms Tourney,2023-05-05,Denmark open @ Toms Tourney,Cotarica Grandes,10,9,125.0,1.0,0,-81.4,1,1,0,-1.0399999999999998,1,1,0,-1.0706761002268692
Toms Tourney,2023-05-05,Denmark open @ Toms Tourney,Ireland open @ Toms Tourney,11,8,365.60925011032475,1.0,0,27.72,3,1,0,-0.1499999999999997,3,1,0,0.27072060015578536
Toms Tourney,2023-05-05,Denmark open @ Toms Tourney,Ka-Pow!,15,8,564.8086448756737,1.0,0,531.55,7,1,0,7.0200000000000005,7,1,0,7.665196875489787
Toms Tourney,2023-05-05,Freespeed,Bora,15,13,214.17926913507503,1.0,0,269.18999999999994,2,1,0,2.86,2,1,0,3.5161384912819678
Toms Tourney,2023-05-05,Freespeed,Frizzly Bears,15,9,515.4814780292847,1.0,0,48.91,6,1,0,0.48,6,1,0,0.6146556265548515
Toms Tourney,2023-05-05,Frizstyle,Bora,14,13,125.0,1.0,0,366.79999999999995,1,1,0,4.54,1,1,0,5.195378929326502
Toms Tourney,2023-05-05,Frizstyle,Denmark open @ Toms Tourney,13,12,125.0,1.0,0,-68.67,1,1,0,-0.5700000000000001,1,1,0,-0.6034241735639245
Toms Tourney,2023-05-05,Frizstyle,Red Bulls,12,10,238.1225775586291,1.0,0,17.86,2,1,0,0.16999999999999993,2,1,0,0.34568878039729256
Toms Tourney,2023-05-05,Frizzly Bears,Ireland open @ Toms Tourney,15,12,300.4922431832018,1.0,0,-187.47,3,1,0,-2.88,3,1,0,-2.753192006289556
Toms Tourney,2023-05-05,Frizzly Bears,Panthers Bern,15,13,214.17926913507503,1.0,0,-178.03,2,1,0,-2.01,2,1,0,-2.3153442138936278
Toms Tourney,2023-05-05,Frizzly Bears,Red Bulls,15,12,300.4922431832018,1.0,0,-128.66,3,1,0,-1.9900000000000002,3,1,0,-2.092270310263448
Toms Tourney,2023-05-05,GB U24 open @ Toms Tourney,Cotarica Grandes,13,10,328.14240231865136,1.0,0,11.009999999999991,3,1,0,-0.1299999999999999,3,1,0,-0.06299962956261673
Toms Tourney,2023-05-05,GB U24 open @ Toms Tourney,Denmark open @ Toms Tourney,14,10,398.70186369942724,1.0,0,92.41,4,1,0,0.9099999999999999,4,1,0,1.0079786501095036
Toms Tourney,2023-05-05,GB U24 open @ Toms Tourney,Freespeed,15,8,564.8086448756737,1.0,0,258.69,7,1,0,3.16,7,1,0,3.390425284180065
Toms Tourney,2023-05-05,GB U24 open @ Toms Tourney,Frizzly Bears,15,12,300.4922431832018,1.0,0,307.6,3,1,0,3.64,3,1,0,3.9683263780432547
Toms Tourney,2023-05-05,GB masters @ Toms Tourney,Ka-Pow!,14,12,220.95664314305532,1.0,0,243.43,2,1,0,3.95,2,1,0,4.863895267340805
Toms Tourney,2023-05-05,GB open @ Toms Tourney,BEL U24 @ Toms Tourney,15,6,600.0,1.0,0,227.23999999999995,9,1,0,4.069999999999999,9,1,0,4.804750791712721
Toms Tourney,2023-05-05,GB open @ Toms Tourney,Cotarica Grandes,15,8,564.8086448756737,1.0,0,501.4599999999999,7,1,0,7.549999999999999,7,1,0,7.939799926839605
Toms Tourney,2023-05-05,GB open @ Toms Tourney,Denmark open @ Toms Tourney,15,5,600.0,1.0,0,582.8599999999999,10,1,0,8.59,10,1,0,8.682436072174553
Toms Tourney,2023-05-05,GB open @ Toms Tourney,Ireland open @ Toms Tourney,15,11,381.1647521399218,1.0,0,610.5799999999999,4,1,0,8.44,4,1,0,8.860592453194474
Toms Tourney,2023-05-05,GB open @ Toms Tourney,JetSet Ultimate Open,15,7,600.0,1.0,0,461.90999999999997,8,1,0,6.959999999999999,8,1,0,7.4610512250279655
Toms Tourney,2023-05-05,GB open @ Toms Tourney,Ka-Pow!,15,1,600.0,1.0,0,1114.4099999999999,14,1,0,15.61,14,1,0,12.615965840051206
Toms Tourney,2023-05-05,GB open @ Toms Tourney,Netherlands open @ Toms Tourney,15,9,515.4814780292847,1.0,0,350.5799999999999,6,1,0,5.6499999999999995,6,1,0,6.287121209602475
Toms Tourney,2023-05-05,Gentle Open,Freespeed,13,11,228.8403622143806,1.0,0,218.43,2,1,0,3.43,2,1,0,3.549433183205437
Toms Tourney,2023-05-05,Gentle Open,Frizstyle,15,13,214.17926913507503,1.0,0,120.82000000000001,2,1,0,1.75,2,1,0,1.7729241570717917
Toms Tourney,2023-05-05,Gentle Open,Frizzly Bears,15,9,515.4814780292847,1.0,0,267.34000000000003,6,1,0,3.91,6,1,0,4.124100085896192
Toms Tourney,2023-05-05,Gentle Open,GB U24 open @ Toms Tourney,12,11,125.0,1.0,0,-40.25999999999999,1,1,0,0.27,1,1,0,0.1679929757124512
Toms Tourney,2023-05-05,Ireland open @ Toms Tourney,Freespeed,14,9,473.8676990361691,1.0,0,138.56,5,1,0,2.4,5,1,0,2.154742581348824
Toms Tourney,2023-05-05,Ireland open @ Toms Tourney,GB masters @ Toms Tourney,13,10,328.14240231865136,1.0,0,260.4,3,1,0,3.2199999999999998,3,1,0,3.099472016552994
Toms Tourney,2023-05-05,Ireland open @ Toms Tourney,JetSet Ultimate Open,12,10,238.1225775586291,1.0,0,-148.67,2,1,0,-1.4800000000000004,2,1,0,-1.981845659133958
Toms Tourney,2023-05-05,Ireland open @ Toms Tourney,Ka-Pow!,15,6,600.0,1.0,0,503.83000000000004,9,1,0,7.17,9,1,0,7.463308769943993
Toms Tourney,2023-05-05,Iznogood,Cotarica Grandes,13,11,228.8403622143806,1.0,0,19.939999999999998,2,1,0,0.050000000000000266,2,1,0,0.13799610669181206
Toms Tourney,2023-05-05,Iznogood,GB masters @ Toms Tourney,12,9,345.3654772346762,1.0,0,389.46000000000004,3,1,0,4.16,3,1,0,4.484712274154681
Toms Tourney,2023-05-05,Iznogood,Gentle Open,15,12,300.4922431832018,1.0,0,49.19,3,1,0,-0.08999999999999986,3,1,0,0.0329999467601052
Toms Tourney,2023-05-05,Iznogood,Netherlands open @ Toms Tourney,14,12,220.95664314305532,1.0,0,-130.94000000000003,2,1,0,-1.8499999999999996,2,1,0,-1.9884774330252455
Toms Tourney,2023-05-05,Iznogood,Panthers Bern,12,10,238.1225775586291,1.0,0,138.5,2,1,0,1.8100000000000003,2,1,0,1.9213868217540693
Toms Tourney,2023-05-05,Iznogood,Wall City,12,11,125.0,1.0,0,-167.03,1,1,0,-2.17,1,1,0,-2.3607144561360034
Toms Tourney,2023-05-05,JetSet Ultimate Open,Cotarica Grandes,12,11,125.0,1.0,0,39.54999999999998,1,1,0,0.5900000000000003,1,1,0,0.6498429844694851
Toms Tourney,2023-05-05,JetSet Ultimate Open,Denmark open @ Toms Tourney,14,12,220.95664314305532,1.0,0,120.94999999999999,2,1,0,1.6300000000000001,2,1,0,1.7152150956886416
Toms Tourney,2023-05-05,JetSet Ultimate Open,Ka-Pow!,15,8,564.8086448756737,1.0,0,652.5,7,1,0,8.65,7,1,0,8.862545421127436
Toms Tourney,2023-05-05,Mooncatchers,Alba,15,9,515.4814780292847,1.0,0,589.17,6,1,0,7.030000000000001,6,1,0,7.325920464086842
Toms Tourney,2023-05-05,Mooncatchers,BFD La Fotta,14,10,398.70186369942724,1.0,0,124.42999999999995,4,1,0,1.0300000000000011,4,1,0,1.4601119707493524
Toms Tourney,2023-05-05,Mooncatchers,Bora,15,6,600.0,1.0,1,1130.94,9,1,0,13.55,9,1,0,11.651401981162099
Toms Tourney,2023-05-05,Mooncatchers,Frizstyle,15,6,600.0,1.0,1,764.14,9,1,0,9.010000000000002,9,1,0,8.832222552793983
Toms Tourney,2023-05-05,Mooncatchers,GB open @ Toms Tourney,13,12,125.0,1.0,0,112.61000000000001,1,1,0,-0.14999999999999858,1,1,0,-0.376420953664935
Toms Tourney,2023-05-05,Mooncatchers,Red Bulls,15,11,381.1647521399218,1.0,0,782.0,4,1,0,9.18,4,1,0,9.05503649048747
Toms Tourney,2023-05-05,Mooncatchers,Spain open @ Toms Tourney,14,11,313.3379659704299,1.0,0,368.4,3,1,0,4.23,3,1,0,4.768374833602504
Toms Tourney,2023-05-05,Mooncatchers,Tchac,12,10,238.1225775586291,1.0,0,318.72999999999996,2,1,0,4.240000000000001,2,1,0,4.725181687689684
Toms Tourney,2023-05-05,Netherlands open @ Toms Tourney,BEL U24 @ Toms Tourney,13,11,228.8403622143806,1.0,0,-123.33999999999997,2,1,0,-1.58,2,1,0,-1.7122542541860462
Toms Tourney,2023-05-05,Netherlands open @ Toms Tourney,GB masters @ Toms Tourney,15,7,600.0,1.0,0,520.4000000000001,8,1,0,6.01,8,1,0,6.226409451198766
Toms Tourney,2023-05-05,Netherlands open @ Toms Tourney,JetSet Ultimate Open,14,11,313.3379659704299,1.0,0,111.33000000000004,3,1,0,1.3099999999999996,3,1,0,1.483138179035553
Toms Tourney,2023-05-05,Netherlands open @ Toms Tourney,Panthers Bern,15,12,300.4922431832018,1.0,0,269.44000000000005,3,1,0,3.66,3,1,0,3.844580974444625
Toms Tourney,2023-05-05,Netherlands open @ Toms Tourney,Wall City,11,10,125.0,1.0,0,-36.089999999999975,1,1,0,-0.3200000000000003,1,1,0,-0.38016856852993897
Toms Tourney,2023-05-05,Panthers Bern,Freespeed,12,10,238.1225775586291,1.0,0,129.12,2,1,0,1.5299999999999998,2,1,0,1.7115140226772176
Toms Tourney,2023-05-05,Panthers Bern,GB masters @ Toms Tourney,13,12,125.0,1.0,0,250.96,1,1,0,2.3499999999999996,1,1,0,2.665402884973684
Toms Tourney,2023-05-05,Panthers Bern,Ka-Pow!,15,10,453.6039151898044,1.0,0,494.39,5,1,0,6.3,5,1,0,7.119103613506777
Toms Tourney,2023-05-05,Red Bulls,Bora,12,8,441.15462425988915,1.0,0,348.94,4,1,0,4.37,4,1,0,4.888712596081039
Toms Tourney,2023-05-05,Red Bulls,Bora,15,13,214.17926913507503,1.0,0,348.94,2,1,0,4.37,2,1,0,4.888712596081039
Toms Tourney,2023-05-05,Red Bulls,GB masters @ Toms Tourney,15,11,381.1647521399218,1.0,0,201.59,4,1,0,2.33,4,1,0,2.4440210922761025
Toms Tourney,2023-05-05,Spain open @ Toms Tourney,Alba,12,9,345.3654772346762,1.0,0,220.76999999999998,3,1,0,2.8000000000000003,3,1,0,3.027600603262808
Toms Tourney,2023-05-05,Spain open @ Toms Tourney,Bora,15,7,600.0,1.0,0,762.54,8,1,0,9.32,8,1,0,9.139902806284734
Toms Tourney,2023-05-05,Spain open @ Toms Tourney,Frizstyle,15,10,453.6039151898044,1.0,0,395.74,5,1,0,4.78,5,1,0,4.999685460460398
Toms Tourney,2023-05-05,Spain open @ Toms Tourney,JetSet Ultimate Open,15,9,515.4814780292847,1.0,0,206.12,6,1,0,2.58,6,1,0,2.8371707046714256
Toms Tourney,2023-05-05,Spain open @ Toms Tourney,Red Bulls,15,9,515.4814780292847,1.0,0,413.59999999999997,6,1,0,4.95,6,1,0,5.3046268050063325
Toms Tourney,2023-05-05,Tchac,Freespeed,12,10,238.1225775586291,1.0,0,543.02,2,1,0,6.449999999999999,2,1,0,6.59962738468024
Toms Tourney,2023-05-05,Tchac,Frizzly Bears,14,10,398.70186369942724,1.0,0,591.9300000000001,4,1,0,6.93,4,1,0,7.086520971706648
Toms Tourney,2023-05-05,Tchac,GB U24 open @ Toms Tourney,15,9,515.4814780292847,1.0,0,284.33000000000004,6,1,0,3.2899999999999996,6,1,0,3.5635899301965495
Toms Tourney,2023-05-05,Tchac,Gentle Open,14,9,473.8676990361691,1.0,0,324.59000000000003,5,1,0,3.0199999999999996,5,1,0,3.404655730711692
Toms Tourney,2023-05-05,Tchac,Netherlands open @ Toms Tourney,15,10,453.6039151898044,1.0,0,144.45999999999998,5,1,0,1.2599999999999998,5,1,0,1.4274177046488319
Toms Tourney,2023-05-05,Tchac,Spain open @ Toms Tourney,14,10,398.70186369942724,1.0,0,49.670000000000016,4,1,0,-0.010000000000000675,4,1,0,0.04799983616067216
Toms Tourney,2023-05-05,Wall City,Alba,14,10,398.70186369942724,1.0,0,162.07,4,1,0,1.85,4,1,0,2.0532793642646574
Toms Tourney,2023-05-05,Wall City,Denmark open @ Toms Tourney,13,11,228.8403622143806,1.0,0,268.37,2,1,0,3.26,2,1,0,3.523934167008509
Toms Tourney,2023-05-05,Wall City,GB masters @ Toms Tourney,13,9,418.5661446562001,1.0,0,556.49,4,1,0,6.33,4,1,0,6.537797910984654
Toms Tourney,2023-05-05,Wall City,Iznogood,12,10,238.1225775586291,1.0,0,167.03,2,1,0,2.17,2,1,0,2.3607144561360016
Toms Tourney,2023-05-05,Wall City,Panthers Bern,15,8,564.8086448756737,1.0,0,305.53,7,1,0,3.9800000000000004,7,1,0,4.197482902132023
Vienna Spring Break 2023,2023-05-20,3SB - Open,AUT U24 Open @ Vienna Spring Break 2023,15,7,600.0,1.0,0,650.15,8,1,0,6.970000000000001,8,1,0,7.448061625735168
Vienna Spring Break 2023,2023-05-20,3SB - Open,ESV München  @ Vienna Spring Break 2023,15,4,600.0,1.0,1,1185.39,11,1,0,12.9,11,1,0,11.50283787899216
Vienna Spring Break 2023,2023-05-20,3SB - Open,Red Bulls U20 @ Vienna Spring Break 2023,15,5,600.0,1.0,1,975.4300000000001,10,1,0,11.370000000000001,10,1,0,10.601547408558929
Vienna Spring Break 2023,2023-05-20,3SB - Open,Terrible Monkeys,13,7,557.5316737222639,1.0,0,667.14,6,1,0,7.49,6,1,0,7.564991872247617
Vienna Spring Break 2023,2023-05-20,AUT U24 Open @ Vienna Spring Break 2023,ESV München  @ Vienna Spring Break 2023,15,7,600.0,1.0,0,535.24,8,1,0,5.93,8,1,0,6.5481219915958775
Vienna Spring Break 2023,2023-05-20,AUT U24 Open @ Vienna Spring Break 2023,Red Bulls U20 @ Vienna Spring Break 2023,14,6,600.0,1.0,0,325.28,8,1,0,4.3999999999999995,8,1,0,4.858525437197336
Vienna Spring Break 2023,2023-05-20,Alligators U20 @ Vienna Spring Break 2023,Terrible Monkeys,11,10,125.0,1.0,0,-362.74,1,1,0,-4.680000000000001,1,1,0,-4.68528577263946
Vienna Spring Break 2023,2023-05-20,Catchup  @ Vienna Spring Break 2023,Fire of London,14,11,313.3379659704299,1.0,0,287.52,3,1,0,2.84,3,1,0,3.1353522856905407
Vienna Spring Break 2023,2023-05-20,Catchup  @ Vienna Spring Break 2023,LOL,15,10,453.6039151898044,1.0,0,365.62,5,1,0,3.4299999999999997,5,1,0,3.450149640120525
Vienna Spring Break 2023,2023-05-20,FUJ @ Vienna Spring Break 2023,Catchup  @ Vienna Spring Break 2023,15,5,600.0,1.0,0,496.38,10,1,0,6.489999999999999,10,1,0,6.716459489740775
Vienna Spring Break 2023,2023-05-20,FUJ @ Vienna Spring Break 2023,Fire of London,15,8,564.8086448756737,1.0,0,783.9,7,1,0,9.33,7,1,0,9.008662371936342
Vienna Spring Break 2023,2023-05-20,FUJ @ Vienna Spring Break 2023,Flying Angels Bern,15,12,300.4922431832018,1.0,0,393.09,3,1,0,4.9399999999999995,3,1,0,5.166315651445313
Vienna Spring Break 2023,2023-05-20,FUJ @ Vienna Spring Break 2023,FrankN,15,10,453.6039151898044,1.0,0,531.75,5,1,0,6.43,5,1,0,6.579653961897673
Vienna Spring Break 2023,2023-05-20,FWD>>,AUT U24 Open @ Vienna Spring Break 2023,12,7,520.5112660164395,1.0,0,84.10999999999999,5,1,0,0.10000000000000009,5,1,0,0.5981825961275238
Vienna Spring Break 2023,2023-05-20,FWD>>,Alligators U20 @ Vienna Spring Break 2023,15,7,600.0,1.0,0,463.84000000000003,8,1,0,5.300000000000001,8,1,0,5.355085494983253
Vienna Spring Break 2023,2023-05-20,FWD>>,Terrible Monkeys,12,7,520.5112660164395,1.0,0,101.1,5,1,0,0.6200000000000001,5,1,0,0.7538643256825441
Vienna Spring Break 2023,2023-05-20,FWD>>,Uprising,14,12,220.95664314305532,1.0,0,143.40999999999997,2,1,0,1.3800000000000001,2,1,0,1.7448160249160622
Vienna Spring Break 2023,2023-05-20,Fire of London,thebigEZ,15,12,300.4922431832018,1.0,0,-84.31,3,1,0,-1.25,3,1,0,-1.5803632868937765
Vienna Spring Break 2023,2023-05-20,Flying Angels Bern,Catchup  @ Vienna Spring Break 2023,13,12,125.0,1.0,0,103.28999999999999,1,1,0,1.5499999999999998,1,1,0,1.8327964892440605
Vienna Spring Break 2023,2023-05-20,Flying Angels Bern,Fire of London,15,10,453.6039151898044,1.0,0,390.81,5,1,0,4.39,5,1,0,4.844423015051277
Vienna Spring Break 2023,2023-05-20,Flying Angels Bern,Panthers Wroclaw - Open,13,11,228.8403622143806,1.0,0,-15.950000000000003,2,1,0,-0.3699999999999999,2,1,0,-0.2992103055700035
Vienna Spring Break 2023,2023-05-20,FrankN,LOL,13,10,328.14240231865136,1.0,0,330.25,3,1,0,3.4899999999999998,3,1,0,3.610965899254314
Vienna Spring Break 2023,2023-05-20,FrankN,thebigEZ,10,9,125.0,1.0,0,167.83999999999997,1,1,0,1.65,1,1,0,1.758131964311243
Vienna Spring Break 2023,2023-05-20,Panthers Wroclaw - Open,FrankN,13,8,496.1596377856195,1.0,0,154.61,5,1,0,1.8599999999999999,5,1,0,1.9597340647625785
Vienna Spring Break 2023,2023-05-20,Panthers Wroclaw - Open,LOL,15,10,453.6039151898044,1.0,0,484.86,5,1,0,5.35,5,1,0,5.400836854774941
Vienna Spring Break 2023,2023-05-20,Panthers Wroclaw - Open,thebigEZ,15,10,453.6039151898044,1.0,0,322.45,5,1,0,3.51,5,1,0,3.6617922540143972
Vienna Spring Break 2023,2023-05-20,Red Bulls U20 @ Vienna Spring Break 2023,ESV München  @ Vienna Spring Break 2023,13,8,496.1596377856195,1.0,0,209.96000000000004,5,1,0,1.5300000000000002,5,1,0,1.967842660840759
Vienna Spring Break 2023,2023-05-20,Terrible Monkeys,Uprising,15,12,300.4922431832018,1.0,0,42.309999999999974,3,1,0,0.76,3,1,0,0.9967788888013978
Vienna Spring Break 2023,2023-05-20,Uprising,Alligators U20 @ Vienna Spring Break 2023,14,10,398.70186369942724,1.0,0,320.43000000000006,4,1,0,3.9200000000000004,4,1,0,3.7666898715500956
Vienna Spring Break 2023,2023-05-20,Uprising,ESV München  @ Vienna Spring Break 2023,13,12,125.0,1.0,0,475.94000000000005,1,1,0,4.65,1,1,0,5.583329987142424
Vienna Spring Break 2023,2023-05-20,thebigEZ,LOL,15,11,381.1647521399218,1.0,0,162.41000000000003,4,1,0,1.8399999999999999,4,1,0,1.906631051724439
DFV-Pokal Open,2023-05-21,7 Schwaben,Hard2Fisch,15,10,453.6039151898044,1.0,0,490.44999999999993,5,1,0,6.64,5,1,0,7.335625183372919
DFV-Pokal Open,2023-05-21,7 Schwaben,Sturm und Drang,15,9,515.4814780292847,1.0,0,406.6,6,1,0,4.91,6,1,0,4.96899483763541
DFV-Pokal Open,2023-05-21,Ars Ludendi,Family Ultimate,15,6,600.0,1.0,0,226.39000000000001,9,1,0,3.6399999999999997,9,1,0,3.943204155703061
DFV-Pokal Open,2023-05-21,Ars Ludendi,Sturm und Drang,15,9,515.4814780292847,1.0,0,380.84000000000003,6,1,0,4.61,6,1,0,4.851811192693393
DFV-Pokal Open,2023-05-21,Bad Skid,Ars Ludendi,15,7,600.0,1.0,0,558.6899999999999,8,1,0,7.44,8,1,0,7.68346837615152
DFV-Pokal Open,2023-05-21,Bad Skid,Frizzly Bears,15,11,381.1647521399218,1.0,0,510.59,4,1,0,6.5600000000000005,4,1,0,6.931167509471937
DFV-Pokal Open,2023-05-21,Bad Skid,Frizzly Bears,15,6,600.0,1.0,0,510.59,9,1,0,6.5600000000000005,9,1,0,6.931167509471937
DFV-Pokal Open,2023-05-21,Bad Skid,M.U.C.,15,9,515.4814780292847,1.0,0,18.5,6,1,0,0.40000000000000036,6,1,0,0.8264123192857618
DFV-Pokal Open,2023-05-21,Bad Skid,Wall City,15,12,300.4922431832018,1.0,0,27.029999999999973,3,1,0,0.5700000000000003,3,1,0,0.8518325121110255
DFV-Pokal Open,2023-05-21,Disckick,Lahntalknaben,15,13,214.17926913507503,1.0,0,-239.89,2,1,0,-3.6499999999999995,2,1,0,-3.6617922540143955
DFV-Pokal Open,2023-05-21,Family Ultimate,7 Schwaben,14,13,125.0,1.0,0,-252.15,1,1,0,-3.9399999999999995,1,1,0,-4.06510049081945
DFV-Pokal Open,2023-05-21,Family Ultimate,Disckick,15,11,381.1647521399218,1.0,0,385.74,4,1,0,4.63,4,1,0,4.89608495842338
DFV-Pokal Open,2023-05-21,FrankN,Family Ultimate,15,11,381.1647521399218,1.0,0,382.19,4,1,0,5.56,4,1,0,5.784368044064678
DFV-Pokal Open,2023-05-21,FrankN,Hard2Fisch,15,9,515.4814780292847,1.0,0,620.49,6,1,0,8.26,6,1,0,8.710318998903649
DFV-Pokal Open,2023-05-21,FrankN,Hardfisch,15,10,453.6039151898044,1.0,0,179.18,5,1,0,2.04,5,1,0,2.192923463150237
DFV-Pokal Open,2023-05-21,Frizzly Bears,Hard2Fisch,15,6,600.0,1.0,0,512.79,9,1,0,7.22,9,1,0,7.968372639693715
DFV-Pokal Open,2023-05-21,Frizzly Bears,Heidees Open,15,14,125.0,1.0,0,-125.52,1,1,0,-1.53,1,1,0,-1.6937459408001772
DFV-Pokal Open,2023-05-21,Hard2Fisch,Disckick,15,11,381.1647521399218,1.0,0,147.44000000000005,4,1,0,1.9299999999999997,4,1,0,1.226505572104216
DFV-Pokal Open,2023-05-21,Hardfisch,7 Schwaben,15,14,125.0,1.0,0,-49.139999999999986,1,1,0,-0.42000000000000015,1,1,0,-0.2782180888853958
DFV-Pokal Open,2023-05-21,Hardfisch,Disckick,15,4,600.0,1.0,0,588.75,11,1,0,8.149999999999999,11,1,0,8.036512335586188
DFV-Pokal Open,2023-05-21,Hardfisch,Sturm und Drang,15,11,381.1647521399218,1.0,0,357.46000000000004,4,1,0,4.49,4,1,0,4.719776402672039
DFV-Pokal Open,2023-05-21,Heidees Open,Ars Ludendi,15,6,600.0,1.0,0,173.62,9,1,0,2.41,9,1,0,2.6595919221897937
DFV-Pokal Open,2023-05-21,Heidees Open,Ars Ludendi,15,13,214.17926913507503,1.0,0,173.62,2,1,0,2.41,2,1,0,2.6595919221897937
DFV-Pokal Open,2023-05-21,Heidees Open,FrankN,15,14,125.0,1.0,0,17.819999999999997,1,1,0,0.49,1,1,0,0.6258863892195468
DFV-Pokal Open,2023-05-21,Lahntalknaben,Disckick,15,10,453.6039151898044,1.0,0,239.89,5,1,0,3.6499999999999995,5,1,0,3.6617922540143972
DFV-Pokal Open,2023-05-21,Lahntalknaben,Hard2Fisch,15,7,600.0,1.0,0,92.44999999999993,8,1,0,1.7199999999999998,8,1,0,2.4848873369605258
DFV-Pokal Open,2023-05-21,M.U.C.,7 Schwaben,15,7,600.0,1.0,0,514.43,8,1,0,6.74,8,1,0,6.953562616933656
DFV-Pokal Open,2023-05-21,M.U.C.,FrankN,15,11,381.1647521399218,1.0,0,384.39,4,1,0,5.12,4,1,0,5.3511586133384945
DFV-Pokal Open,2023-05-21,M.U.C.,Heidees Open,15,14,125.0,1.0,0,366.57,1,1,0,4.63,1,1,0,4.7966726653535545
DFV-Pokal Open,2023-05-21,M.U.C.,Wall City,15,7,600.0,1.0,0,8.529999999999973,8,1,0,0.16999999999999993,8,1,0,0.025499975435028688
DFV-Pokal Open,2023-05-21,Sturm und Drang,Lahntalknaben,14,13,125.0,1.0,0,-8.600000000000023,1,1,0,0.009999999999999787,1,1,0,0.3501863591524579
DFV-Pokal Open,2023-05-21,Sturm und Drang,Lahntalknaben,15,14,125.0,1.0,0,-8.600000000000023,1,1,0,0.009999999999999787,1,1,0,0.3501863591524579
DFV-Pokal Open,2023-05-21,Wall City,Family Ultimate,15,4,600.0,1.0,1,758.05,11,1,0,10.51,11,1,0,9.7742220396533
DFV-Pokal Open,2023-05-21,Wall City,Frizzly Bears,15,7,600.0,1.0,0,483.56,8,1,0,5.99,8,1,0,6.243160918169089
DFV-Pokal Open,2023-05-21,Wall City,Hardfisch,15,7,600.0,1.0,0,555.04,8,1,0,6.99,8,1,0,7.150440686294694
Vienna Spring Break 2023,2023-05-21,Catchup  @ Vienna Spring Break 2023,Red Bulls U20 @ Vienna Spring Break 2023,15,8,564.8086448756737,1.0,0,553.32,7,1,0,5.75,7,1,0,6.427403634677631
Vienna Spring Break 2023,2023-05-21,FUJ @ Vienna Spring Break 2023,3SB - Open,12,10,238.1225775586291,1.0,0,74.26999999999998,2,1,0,0.8699999999999992,2,1,0,0.887711454186995
Vienna Spring Break 2023,2023-05-21,FUJ @ Vienna Spring Break 2023,Flying Angels Bern,15,9,515.4814780292847,1.0,0,393.09,6,1,0,4.9399999999999995,6,1,0,5.166315651445313
Vienna Spring Break 2023,2023-05-21,Flying Angels Bern,FWD>>,13,11,228.8403622143806,1.0,0,247.22000000000003,2,1,0,2.8,2,1,0,3.031917014457676
Vienna Spring Break 2023,2023-05-21,FrankN,Terrible Monkeys,15,10,453.6039151898044,1.0,0,209.66000000000003,5,1,0,1.93,5,1,0,2.142254158044203
Vienna Spring Break 2023,2023-05-21,LOL,Alligators U20 @ Vienna Spring Break 2023,15,9,515.4814780292847,1.0,0,242.15000000000003,6,1,0,3.1200000000000006,6,1,0,3.267780362465345
Vienna Spring Break 2023,2023-05-21,Panthers Wroclaw - Open,AUT U24 Open @ Vienna Spring Break 2023,15,12,300.4922431832018,1.0,0,347.28,3,1,0,3.2699999999999996,3,1,0,3.88169440460765
Vienna Spring Break 2023,2023-05-21,Uprising,Fire of London,15,9,515.4814780292847,1.0,0,0.18000000000000682,6,1,0,0.20999999999999996,6,1,0,0.1972386311319987
Vienna Spring Break 2023,2023-05-21,thebigEZ,ESV München,15,6,600.0,1.0,0,600.0,9,1,0,9.0,9,1,0,9.000027066578738
Elite Invite,2023-05-29,3SB - Open,Chevron Action Flash,15,14,125.0,1.0,0,140.84000000000003,1,1,0,1.2100000000000009,1,1,0,1.0990270171962386
Elite Invite,2023-05-29,3SB - Open,Chevron Action Flash,14,11,313.3379659704299,1.0,0,140.84000000000003,3,1,0,1.2100000000000009,3,1,0,1.0990270171962386
Elite Invite,2023-05-29,3SB - Open,Heidees Open,15,10,453.6039151898044,1.0,0,439.66,5,1,0,5.07,5,1,0,5.303970590288767
Elite Invite,2023-05-29,3SB - Open,Ranelagh,15,11,381.1647521399218,1.0,0,307.41,4,1,0,3.3600000000000003,4,1,0,3.6187367701846505
Elite Invite,2023-05-29,3SB - Open,Ranelagh,15,10,453.6039151898044,1.0,0,307.41,5,1,0,3.3600000000000003,5,1,0,3.6187367701846505
Elite Invite,2023-05-29,BFD La Fotta,Heidees Open,15,10,453.6039151898044,1.0,0,660.71,5,1,0,8.61,5,1,0,8.352690417302313
Elite Invite,2023-05-29,BFD La Fotta,Mooncatchers,15,13,214.17926913507503,1.0,0,-124.42999999999995,2,1,0,-1.0300000000000011,2,1,0,-1.4601119707493524
Elite Invite,2023-05-29,BFD La Fotta,Wall City,15,12,300.4922431832018,1.0,0,302.67,3,1,0,4.1499999999999995,3,1,0,4.349776560650817
Elite Invite,2023-05-29,BFD La Fotta,Wall City,14,10,398.70186369942724,1.0,0,302.67,4,1,0,4.1499999999999995,4,1,0,4.349776560650817
Elite Invite,2023-05-29,Chevron Action Flash,Heidees Open,14,12,220.95664314305532,1.0,0,298.82,2,1,0,3.8599999999999994,2,1,0,4.316780949216827
Elite Invite,2023-05-29,Chevron Action Flash,Heidees Open,15,6,600.0,1.0,0,298.82,9,1,0,3.8599999999999994,9,1,0,4.316780949216827
Elite Invite,2023-05-29,Clapham Ultimate,BFD La Fotta,12,11,125.0,1.0,0,-88.90999999999997,1,1,0,-1.5599999999999996,1,1,0,-1.4549115387492986
Elite Invite,2023-05-29,Clapham Ultimate,BFD La Fotta,15,11,381.1647521399218,1.0,0,-88.90999999999997,4,1,0,-1.5599999999999996,4,1,0,-1.4549115387492986
Elite Invite,2023-05-29,Clapham Ultimate,Chevron Action Flash,15,11,381.1647521399218,1.0,0,272.9800000000001,4,1,0,3.1900000000000004,4,1,0,3.458672321615172
Elite Invite,2023-05-29,Clapham Ultimate,Wall City,14,12,220.95664314305532,1.0,0,213.76000000000005,2,1,0,2.59,2,1,0,2.9786449052506825
Elite Invite,2023-05-29,Heidees Open,Ranelagh,15,14,125.0,1.0,0,-132.25,1,1,0,-1.71,1,1,0,-1.8424001622944122
Elite Invite,2023-05-29,Mooncatchers,Clapham Ultimate,15,12,300.4922431832018,1.0,0,213.33999999999992,3,1,0,2.5900000000000007,3,1,0,2.8877587830252907
Elite Invite,2023-05-29,Mooncatchers,Clapham Ultimate,15,3,600.0,1.0,0,213.33999999999992,12,1,0,2.5900000000000007,12,1,0,2.8877587830252907
Elite Invite,2023-05-29,Mooncatchers,Ranelagh,15,10,453.6039151898044,1.0,0,652.89,5,1,0,7.930000000000001,5,1,0,8.081859572715686
Elite Invite,2023-05-29,Mooncatchers,Wall City,15,9,515.4814780292847,1.0,0,427.09999999999997,6,1,0,5.180000000000001,6,1,0,5.650392740179772
Elite Invite,2023-05-29,Mooncatchers,Wall City,15,9,515.4814780292847,1.0,0,427.09999999999997,6,1,0,5.180000000000001,6,1,0,5.650392740179772
Elite Invite,2023-05-29,Ranelagh,Chevron Action Flash,13,12,125.0,1.0,0,-166.57,1,1,0,-2.1499999999999995,1,1,0,-2.5650494470679934
Elite Invite,2023-05-29,Ranelagh,Heidees Open,12,10,238.1225775586291,1.0,0,132.25,2,1,0,1.71,2,1,0,1.8424001622944104
Elite Invite,2023-05-29,Wall City,3SB - Open,15,11,381.1647521399218,1.0,0,-81.62,4,1,0,-0.6100000000000003,4,1,0,-0.5974337873764632
Windmill,2023-06-16,Alba,Amsterdam Ultimate Club,15,9,515.4814780292847,1.0,0,350.15999999999997,6,1,0,4.61,6,1,0,5.023005534418367
Windmill,2023-06-16,Alba,Top of Nord Italy,13,9,418.5661446562001,1.0,0,436.2,4,1,0,5.529999999999999,4,1,0,5.8969899911306385
Windmill,2023-06-16,Amsterdam Ultimate Club,Top of Nord Italy,15,8,564.8086448756737,1.0,0,86.03999999999999,7,1,0,0.9199999999999997,7,1,0,1.0064854135532038
Windmill,2023-06-16,Austria Open @ Windmill,Amsterdam Ultimate Club,15,6,600.0,1.0,0,634.13,9,1,0,8.16,9,1,0,8.222430045499323
Windmill,2023-06-16,Austria Open @ Windmill,Czech Republic Open @ Windmill,12,11,125.0,1.0,0,-13.28000000000003,1,1,0,-0.8799999999999999,1,1,0,-1.0348534478629574
Windmill,2023-06-16,Austria Open @ Windmill,France Open @ Windmill,14,13,125.0,1.0,0,-136.25000000000006,1,1,0,-1.6799999999999997,1,1,0,-1.679676124858677
Windmill,2023-06-16,Chilly Ultimate @ Windmill,Devon Ultimate,11,11,0.0,1.0,0,-93.03000000000003,0,1,0,-0.16999999999999993,0,1,0,-0.6535859055879172
Windmill,2023-06-16,Clapham Ultimate,Chilly Ultimate @ Windmill,15,3,600.0,1.0,1,1016.6800000000001,12,1,0,12.26,12,1,0,11.01936598680238
Windmill,2023-06-16,Clapham Ultimate,France Open @ Windmill,15,7,600.0,1.0,0,-44.389999999999986,8,1,0,-0.79,8,1,0,-0.613158139100511
Windmill,2023-06-16,Clapham Ultimate,Panthers Wroclaw - Open,15,6,600.0,1.0,0,435.01000000000005,9,1,0,5.68,9,1,0,6.220821453020633
Windmill,2023-06-16,Clapham Ultimate,Switzerland Open @ Windmill,15,11,381.1647521399218,1.0,0,366.7900000000001,4,1,0,3.86,4,1,0,4.188494752585942
Windmill,2023-06-16,Condors @ Windmill,Czech Republic Open @ Windmill,12,11,125.0,1.0,0,-18.980000000000018,1,1,0,-0.29000000000000004,1,1,0,-0.6056705187847538
Windmill,2023-06-16,Condors @ Windmill,Gentle Open,15,7,600.0,1.0,0,332.41999999999996,8,1,0,4.37,8,1,0,4.633107604949945
Windmill,2023-06-16,Condors @ Windmill,SmashD,15,6,600.0,1.0,0,518.96,9,1,0,7.3500000000000005,9,1,0,7.2807163590805715
Windmill,2023-06-16,Czech Republic Open @ Windmill,bHOENIX @ Windmill,15,4,600.0,1.0,0,749.54,11,1,0,10.45,11,1,0,9.842483214894166
Windmill,2023-06-16,France Open @ Windmill,Heidees Open,15,8,564.8086448756737,1.0,0,616.19,7,1,0,7.84,7,1,0,7.750749468680585
Windmill,2023-06-16,France Open @ Windmill,Panthers Wroclaw - Open,15,9,515.4814780292847,1.0,0,479.40000000000003,6,1,0,6.470000000000001,6,1,0,6.7200567898489005
Windmill,2023-06-16,Gentle Open,Hardfisch,15,9,515.4814780292847,1.0,0,338.82,6,1,0,4.91,6,1,0,5.149121166521933
Windmill,2023-06-16,Gentle Open,SmashD,15,9,515.4814780292847,1.0,0,186.54000000000002,6,1,0,2.98,6,1,0,3.114546269582725
Windmill,2023-06-16,Hardfisch,Alba,14,11,313.3379659704299,1.0,0,-392.97,3,1,0,-5.140000000000001,3,1,0,-5.452983064155095
Windmill,2023-06-16,Hardfisch,Panthers Wroclaw - Open,15,10,453.6039151898044,1.0,0,-333.78999999999996,5,1,0,-3.9,5,1,0,-4.074827475349441
Windmill,2023-06-16,Heidees Open,Devon Ultimate,15,12,300.4922431832018,1.0,0,351.84999999999997,3,1,0,5.04,3,1,0,5.23296325443129
Windmill,2023-06-16,Heidees Open,bHOENIX @ Windmill,15,12,300.4922431832018,1.0,0,256.32,3,1,0,3.41,3,1,0,3.7800381128871514
Windmill,2023-06-16,Ireland open @ Windmill,Amsterdam Ultimate Club,13,10,328.14240231865136,1.0,0,333.30999999999995,3,1,0,3.7199999999999998,3,1,0,4.035201705283836
Windmill,2023-06-16,Ireland open @ Windmill,Gentle Open,12,11,125.0,1.0,0,37.29999999999998,1,1,0,-0.6600000000000001,1,1,0,-0.7396496443392149
Windmill,2023-06-16,Ireland open @ Windmill,Switzerland Open @ Windmill,12,11,125.0,1.0,0,-25.890000000000015,1,1,0,-1.4700000000000002,1,1,0,-1.860125986072525
Windmill,2023-06-16,Ireland open @ Windmill,Top of Nord Italy,15,8,564.8086448756737,1.0,0,419.34999999999997,7,1,0,4.64,7,1,0,4.952295507233799
Windmill,2023-06-16,Mooncatchers,Alba,15,8,564.8086448756737,1.0,0,589.17,7,1,0,7.030000000000001,7,1,0,7.325920464086842
Windmill,2023-06-16,Mooncatchers,Austria Open @ Windmill,15,10,453.6039151898044,1.0,0,305.2,5,1,0,3.4800000000000004,5,1,0,3.905476263623683
Windmill,2023-06-16,Mooncatchers,Condors @ Windmill,15,12,300.4922431832018,1.0,0,310.9,3,1,0,2.8900000000000006,3,1,0,3.5012502584094776
Windmill,2023-06-16,Mooncatchers,Czech Republic Open @ Windmill,14,8,536.0348119187572,1.0,0,291.91999999999996,6,1,0,2.6000000000000005,6,1,0,2.9231299675279914
Windmill,2023-06-16,Panthers Wroclaw - Open,Devon Ultimate,15,7,600.0,1.0,0,488.64,8,1,0,6.41,8,1,0,6.37526392705383
Windmill,2023-06-16,SmashD,Devon Ultimate,15,6,600.0,1.0,0,307.13,9,1,0,4.4399999999999995,9,1,0,4.673099464315822
Windmill,2023-06-16,SmashD,TUGA (Portugal Open) @ Windmill,15,7,600.0,1.0,0,541.8399999999999,8,1,0,7.3999999999999995,8,1,0,7.43675425643745
Windmill,2023-06-16,Switzerland Open @ Windmill,Heidees Open,15,8,564.8086448756737,1.0,0,205.01,7,1,0,3.19,7,1,0,3.5904692029316436
Windmill,2023-06-16,Switzerland Open @ Windmill,TUGA (Portugal Open) @ Windmill,15,4,600.0,1.0,0,791.5699999999999,11,1,0,11.19,11,1,0,10.2047233125714
Windmill,2023-06-16,TUGA (Portugal Open) @ Windmill,Chilly Ultimate @ Windmill,15,13,214.17926913507503,1.0,0,-141.67999999999995,2,1,0,-2.79,2,1,0,-2.63997384688839
Windmill,2023-06-16,Top of Nord Italy,TUGA (Portugal Open) @ Windmill,15,6,600.0,1.0,0,346.33,9,1,0,5.08,9,1,0,5.2052767582111095
Windmill,2023-06-16,bHOENIX @ Windmill,Chilly Ultimate @ Windmill,13,6,600.0,1.0,0,188.56,7,1,0,1.7999999999999998,7,1,0,2.236208916702708
Windmill,2023-06-16,bHOENIX @ Windmill,Hardfisch,12,12,0.0,1.0,0,-59.32000000000002,0,1,0,-0.8799999999999999,0,1,0,-1.0266424042533977
Windmill,2023-06-17,Alba,Heidees Open,15,9,515.4814780292847,1.0,0,195.97,6,1,0,2.61,6,1,0,2.844401702296107
Windmill,2023-06-17,Amsterdam Ultimate Club,Chilly Ultimate @ Windmill,12,12,0.0,1.0,0,290.69000000000005,0,1,0,3.21,0,1,0,3.6935134686334337
Windmill,2023-06-17,Austria Open @ Windmill,Condors @ Windmill,14,12,220.95664314305532,1.0,0,5.699999999999989,2,1,0,-0.5899999999999999,2,1,0,-0.4303818394159258
Windmill,2023-06-17,Austria Open @ Windmill,Switzerland Open @ Windmill,14,12,220.95664314305532,1.0,0,274.92999999999995,2,1,0,2.97,2,1,0,3.1805080135933537
Windmill,2023-06-17,Clapham Ultimate,Gentle Open,15,9,515.4814780292847,1.0,0,429.98,6,1,0,4.67,6,1,0,5.206596079716295
Windmill,2023-06-17,Clapham Ultimate,Mooncatchers,15,14,125.0,1.0,0,-213.33999999999992,1,1,0,-2.5900000000000007,1,1,0,-2.8877587830252907
Windmill,2023-06-17,Condors @ Windmill,Gentle Open,15,8,564.8086448756737,1.0,0,332.41999999999996,7,1,0,4.37,7,1,0,4.633107604949945
Windmill,2023-06-17,Czech Republic Open @ Windmill,Austria Open @ Windmill,15,6,600.0,1.0,0,13.28000000000003,9,1,0,0.8799999999999999,9,1,0,1.0348534478629574
Windmill,2023-06-17,Czech Republic Open @ Windmill,Gentle Open,14,10,398.70186369942724,1.0,0,351.4,4,1,0,4.66,4,1,0,5.1742463788915565
Windmill,2023-06-17,Devon Ultimate,TUGA (Portugal Open) @ Windmill,15,8,564.8086448756737,1.0,0,234.70999999999998,7,1,0,2.96,7,1,0,3.2684947600547822
Windmill,2023-06-17,Devon Ultimate,Top of Nord Italy,13,11,228.8403622143806,1.0,0,-111.62,2,1,0,-2.12,2,1,0,-2.095211860229975
Windmill,2023-06-17,Devon Ultimate,bHOENIX @ Windmill,14,13,125.0,1.0,0,-95.52999999999997,1,1,0,-1.63,1,1,0,-1.5929706270940578
Windmill,2023-06-17,France Open @ Windmill,Clapham Ultimate,14,8,536.0348119187572,1.0,0,44.389999999999986,6,1,0,0.79,6,1,0,0.613158139100511
Windmill,2023-06-17,France Open @ Windmill,Condors @ Windmill,15,10,453.6039151898044,1.0,0,141.95000000000005,5,1,0,1.0899999999999999,5,1,0,1.253321078509103
Windmill,2023-06-17,France Open @ Windmill,Ireland open @ Windmill,15,5,600.0,1.0,0,437.07000000000005,10,1,0,6.12,10,1,0,6.358047132965243
Windmill,2023-06-17,Hardfisch,Amsterdam Ultimate Club,15,9,515.4814780292847,1.0,0,-42.81,6,1,0,-0.53,6,1,0,-0.48957604600204974
Windmill,2023-06-17,Heidees Open,Chilly Ultimate @ Windmill,12,11,125.0,1.0,0,444.88,1,1,0,5.21,1,1,0,5.7984084289840325
Windmill,2023-06-17,Heidees Open,TUGA (Portugal Open) @ Windmill,15,8,564.8086448756737,1.0,0,586.56,7,1,0,8.0,7,1,0,7.900855586104097
Windmill,2023-06-17,Ireland open @ Windmill,Hardfisch,15,9,515.4814780292847,1.0,0,376.12,6,1,0,4.25,6,1,0,4.485395221797429
Windmill,2023-06-17,Mooncatchers,Czech Republic Open @ Windmill,15,10,453.6039151898044,1.0,0,291.91999999999996,5,1,0,2.6000000000000005,5,1,0,2.9231299675279914
Windmill,2023-06-17,Mooncatchers,Switzerland Open @ Windmill,15,8,564.8086448756737,1.0,0,580.13,7,1,0,6.450000000000001,7,1,0,6.715260174897626
Windmill,2023-06-17,Panthers Wroclaw - Open,Alba,15,10,453.6039151898044,1.0,0,-59.18000000000001,5,1,0,-1.2400000000000002,5,1,0,-1.529169317907062
Windmill,2023-06-17,Panthers Wroclaw - Open,Ireland open @ Windmill,15,13,214.17926913507503,1.0,0,-42.329999999999984,2,1,0,-0.3500000000000001,2,1,0,-0.44686772902456795
Windmill,2023-06-17,Panthers Wroclaw - Open,SmashD,13,10,328.14240231865136,1.0,0,181.51,3,1,0,1.9699999999999998,3,1,0,1.9619456158294284
Windmill,2023-06-17,SmashD,Amsterdam Ultimate Club,15,5,600.0,1.0,0,109.46999999999998,10,1,0,1.4000000000000001,10,1,0,1.7092932774880047
Windmill,2023-06-17,SmashD,Hardfisch,13,9,418.5661446562001,1.0,0,152.27999999999997,4,1,0,1.9300000000000002,4,1,0,2.1907215040126253
Windmill,2023-06-17,Switzerland Open @ Windmill,Alba,14,13,125.0,1.0,0,9.039999999999992,1,1,0,0.5800000000000001,1,1,0,0.7815416290238062
Windmill,2023-06-17,Top of Nord Italy,Chilly Ultimate @ Windmill,15,10,453.6039151898044,1.0,0,204.65000000000003,5,1,0,2.29,5,1,0,2.732169165699389
Windmill,2023-06-17,Top of Nord Italy,bHOENIX @ Windmill,12,9,345.3654772346762,1.0,0,16.090000000000032,3,1,0,0.4900000000000002,3,1,0,0.5098035708283497
Windmill,2023-06-17,bHOENIX @ Windmill,TUGA (Portugal Open) @ Windmill,11,10,125.0,1.0,0,330.23999999999995,1,1,0,4.59,1,1,0,4.751512925272614
EUCQ Timisoara,2023-06-18,DEAC FreeBees,Azvarlirea,15,3,600.0,1.0,0,599.99,12,1,0,11.329999999999998,12,1,0,13.215612096539537
EUCQ Timisoara,2023-06-18,DEAC FreeBees,Azvarlirea,15,1,600.0,1.0,0,599.99,14,1,0,11.329999999999998,14,1,0,13.215612096539537
EUCQ Timisoara,2023-06-18,Outsiterz,Azvarlirea,15,0,600.0,1.0,1,1397.45,15,1,0,20.32,15,1,0,14.613975181739363
EUCQ Timisoara,2023-06-18,Outsiterz,DEAC FreeBees,15,3,600.0,1.0,1,797.46,12,1,0,8.99,12,1,0,9.87316074183629
EUCQ Timisoara,2023-06-18,Outsiterz,DEAC FreeBees,15,6,600.0,1.0,1,797.46,9,1,0,8.99,9,1,0,9.87316074183629
EUCQ Timisoara,2023-06-18,Outsiterz,SLOVENIA,15,12,300.4922431832018,1.0,0,576.5400000000001,3,1,0,7.32,3,1,0,8.037047036160253
EUCQ Timisoara,2023-06-18,SLOVENIA,Azvarlirea,15,0,600.0,1.0,1,820.91,15,1,0,12.999999999999998,15,1,0,13.759674060271436
EUCQ Timisoara,2023-06-18,SLOVENIA,Azvarlirea,15,2,600.0,1.0,1,820.91,13,1,0,12.999999999999998,13,1,0,13.759674060271436
EUCQ Timisoara,2023-06-18,SLOVENIA,DEAC FreeBees,14,12,220.95664314305532,1.0,0,220.91999999999996,2,1,0,1.67,2,1,0,2.8364475296248166
EUCQ Timisoara,2023-06-18,SLOVENIA,Outsiterz,15,11,381.1647521399218,1.0,0,-576.5400000000001,4,1,0,-7.32,4,1,0,-8.037047036160253
Windmill,2023-06-18,Alba,Chilly Ultimate @ Windmill,13,10,328.14240231865136,1.0,0,640.85,3,1,0,7.82,3,1,0,8.052540889145934
Windmill,2023-06-18,Amsterdam Ultimate Club,TUGA (Portugal Open) @ Windmill,15,8,564.8086448756737,1.0,0,432.37,7,1,0,6.0,7,1,0,6.070414983514368
Windmill,2023-06-18,Austria Open @ Windmill,Condors @ Windmill,15,13,214.17926913507503,1.0,0,5.699999999999989,2,1,0,-0.5899999999999999,2,1,0,-0.4303818394159258
Windmill,2023-06-18,Czech Republic Open @ Windmill,Clapham Ultimate,13,12,125.0,1.0,0,-78.58000000000004,1,1,0,-0.009999999999999787,1,1,0,-0.03674992646955033
Windmill,2023-06-18,Gentle Open,Switzerland Open @ Windmill,15,14,125.0,1.0,0,-63.19,1,1,0,-0.81,1,1,0,-1.1273700418064596
Windmill,2023-06-18,Hardfisch,Devon Ultimate,15,6,600.0,1.0,0,154.85,9,1,0,2.51,9,1,0,2.6007097873479594
Windmill,2023-06-18,Heidees Open,Top of Nord Italy,13,12,125.0,1.0,0,240.23,1,1,0,2.92,1,1,0,3.2984853644704195
Windmill,2023-06-18,Ireland open @ Windmill,SmashD,13,12,125.0,1.0,0,223.83999999999997,1,1,0,2.32,1,1,0,2.3994636461927286
Windmill,2023-06-18,Mooncatchers,France Open @ Windmill,15,13,214.17926913507503,1.0,0,168.94999999999993,2,1,0,1.8000000000000007,2,1,0,2.29264275197718
Windmill,2023-06-18,Panthers Wroclaw - Open,bHOENIX @ Windmill,15,13,214.17926913507503,1.0,0,393.11,2,1,0,4.779999999999999,2,1,0,5.008350384920739
London Invite,2023-06-23,Barbarian RFC @ London Invite,Chevron Action Flash,12,11,125.0,1.0,0,143.04000000000002,1,1,0,0.9000000000000004,1,1,0,0.9153612048593374
London Invite,2023-06-23,Barbarian RFC @ London Invite,Germany Open @ London Invite,15,13,214.17926913507503,1.0,0,-270.16999999999996,2,1,0,-3.4700000000000006,2,1,0,-3.6490939908895292
London Invite,2023-06-23,Barbarian RFC @ London Invite,Nomadic Tribe @ London Invite,15,10,453.6039151898044,1.0,0,240.4,5,1,0,2.29,5,1,0,2.2787236284478496
London Invite,2023-06-23,Belgium Open @ London Invite,Barbarian RFC @ London Invite,15,6,600.0,1.0,0,253.38,9,1,0,3.9399999999999995,9,1,0,3.866995144548696
London Invite,2023-06-23,Belgium Open @ London Invite,France Masters Open @ London Invite,15,6,600.0,1.0,0,461.23,9,1,0,6.159999999999999,9,1,0,5.9716380137250376
London Invite,2023-06-23,Belgium Open @ London Invite,GB open @ London Invite,11,9,249.2068104043629,1.0,0,38.47000000000003,2,1,0,0.9299999999999997,2,1,0,0.8750054732152766
London Invite,2023-06-23,Chevron Action Flash,Nomadic Tribe @ London Invite,12,10,238.1225775586291,1.0,0,97.35999999999999,2,1,0,1.3899999999999997,2,1,0,1.376119696625814
London Invite,2023-06-23,Czech Republic Open @ London Invite,Chevron Action Flash,13,11,228.8403622143806,1.0,0,40.01000000000005,2,1,0,0.5600000000000005,2,1,0,0.6191480151638551
London Invite,2023-06-23,Czech Republic Open @ London Invite,Nomadic Tribe @ London Invite,13,12,125.0,1.0,0,137.37000000000003,1,1,0,1.9500000000000002,1,1,0,1.9877406082836657
London Invite,2023-06-23,France Masters Open @ London Invite,Barbarian RFC @ London Invite,12,11,125.0,1.0,0,-207.85,1,1,0,-2.2199999999999998,1,1,0,-2.3453520312328315
London Invite,2023-06-23,GB open @ London Invite,Chevron Action Flash,13,10,328.14240231865136,1.0,0,357.95,3,1,0,3.91,3,1,0,3.904777097005155
London Invite,2023-06-23,GB open @ London Invite,Czech Republic Open @ London Invite,15,11,381.1647521399218,1.0,0,317.93999999999994,4,1,0,3.3499999999999996,4,1,0,3.321316778077403
London Invite,2023-06-23,GB open @ London Invite,Czech Republic Open @ London Invite,10,7,389.6652919127421,0.9459053029269173,0,317.93999999999994,3,1,0,3.3499999999999996,3,1,0,3.321316778077403
London Invite,2023-06-23,GB open @ London Invite,Nomadic Tribe @ London Invite,15,8,564.8086448756737,1.0,0,455.30999999999995,7,1,0,5.3,7,1,0,5.157720330477485
London Invite,2023-06-23,Germany Open @ London Invite,Belgium Open @ London Invite,15,13,214.17926913507503,1.0,0,16.789999999999964,2,1,0,-0.46999999999999886,2,1,0,-0.23248138241414829
London Invite,2023-06-23,Germany Open @ London Invite,Belgium Open @ London Invite,15,9,515.4814780292847,1.0,0,16.789999999999964,6,1,0,-0.46999999999999886,6,1,0,-0.23248138241414829
London Invite,2023-06-23,Germany Open @ London Invite,Czech Republic Open @ London Invite,13,9,418.5661446562001,1.0,0,373.19999999999993,4,1,0,3.8100000000000005,4,1,0,3.927141386001953
London Invite,2023-06-23,Germany Open @ London Invite,France Masters Open @ London Invite,14,12,220.95664314305532,1.0,0,478.02,2,1,0,5.69,2,1,0,5.774788220883199
London Invite,2023-06-23,Nomadic Tribe @ London Invite,France Masters Open @ London Invite,13,9,418.5661446562001,1.0,0,-32.55000000000001,4,1,0,-0.07000000000000028,4,1,0,0.06824952902202597
EUCR Gent,2023-08-07,Amsterdam Ultimate Club,Aarhus Ultimate,12,10,238.1225775586291,1.0,0,97.47,2,1,0,1.22,2,1,0,1.0341070150276117
EUCR Gent,2023-08-07,Amsterdam Ultimate Club,Freezzz Beezzz,12,11,125.0,1.0,0,-193.85999999999999,1,1,0,-2.5300000000000002,1,1,0,-2.755366145752779
EUCR Gent,2023-08-07,Armada,Aarhus Ultimate,9,8,125.0,0.9459053029269173,0,146.72,1,1,0,1.1,1,1,0,1.2816175825370841
EUCR Gent,2023-08-07,Armada,Frizzly Bears,10,7,389.6652919127421,0.9459053029269173,0,20.580000000000013,3,1,0,-0.59,3,1,0,-0.39515854840929876
EUCR Gent,2023-08-07,Armada,Frizzly Bears,13,11,228.8403622143806,1.0,0,20.580000000000013,2,1,0,-0.59,2,1,0,-0.39515854840929876
EUCR Gent,2023-08-07,Bad Skid,Aarhus Ultimate,15,6,600.0,1.0,1,636.73,9,1,0,8.25,9,1,0,8.182474459859499
EUCR Gent,2023-08-07,Bad Skid,Amsterdam Ultimate Club,15,13,214.17926913507503,1.0,0,539.26,2,1,0,7.03,2,1,0,7.427700284059796
EUCR Gent,2023-08-07,Bad Skid,Freezzz Beezzz,15,11,381.1647521399218,1.0,0,345.4,4,1,0,4.5,4,1,0,5.139856236020304
EUCR Gent,2023-08-07,Bad Skid,Gentle Open,15,11,381.1647521399218,1.0,0,243.24999999999997,4,1,0,2.6500000000000004,4,1,0,3.2155875004422896
EUCR Gent,2023-08-07,Bad Skid,Københavns Frisbee Klub (KFK),15,9,515.4814780292847,1.0,0,89.91999999999996,6,1,0,1.1300000000000008,6,1,0,1.6544911034968486
EUCR Gent,2023-08-07,Freezzz Beezzz,Aarhus Ultimate,15,8,564.8086448756737,1.0,0,291.33,7,1,0,3.75,7,1,0,3.7420843449749803
EUCR Gent,2023-08-07,Freezzz Beezzz,Frizzly Bears,14,11,313.3379659704299,1.0,0,165.19,3,1,0,2.06,3,1,0,2.128292920720277
EUCR Gent,2023-08-07,Gentle Open,Amsterdam Ultimate Club,15,8,564.8086448756737,1.0,0,296.01,7,1,0,4.38,7,1,0,4.712341914094491
EUCR Gent,2023-08-07,Gentle Open,Heidees Open,15,14,125.0,1.0,0,141.82,1,1,0,2.38,1,1,0,2.508222501012547
EUCR Gent,2023-08-07,Heidees Open,Aarhus Ultimate,15,10,453.6039151898044,1.0,0,251.66,5,1,0,3.22,5,1,0,3.324882728189941
EUCR Gent,2023-08-07,Heidees Open,Armada,14,11,313.3379659704299,1.0,0,104.93999999999998,3,1,0,2.12,3,1,0,2.0827091405316303
EUCR Gent,2023-08-07,Københavns Frisbee Klub (KFK),Armada,15,5,600.0,1.0,0,400.09000000000003,10,1,0,6.02,10,1,0,5.897624063696522
EUCR Gent,2023-08-07,Københavns Frisbee Klub (KFK),Frizzly Bears,14,9,473.8676990361691,1.0,0,420.67,5,1,0,5.43,5,1,0,5.560055247062067
EUCR Gent,2023-08-07,Københavns Frisbee Klub (KFK),Gentle Open,15,10,453.6039151898044,1.0,0,153.33,5,1,0,1.5199999999999996,5,1,0,1.5989027066430879
EUCR Gent,2023-08-07,Københavns Frisbee Klub (KFK),Heidees Open,14,12,220.95664314305532,1.0,0,295.15000000000003,2,1,0,3.8999999999999995,2,1,0,4.035201705283836
EUCR Gent,2023-08-07,M.U.C.,Amsterdam Ultimate Club,14,11,313.3379659704299,1.0,0,520.76,3,1,0,6.63,3,1,0,6.786432180768543
EUCR Gent,2023-08-07,M.U.C.,Armada,15,7,600.0,1.0,0,471.51,8,1,0,6.75,8,1,0,6.586920374756083
EUCR Gent,2023-08-07,M.U.C.,Freezzz Beezzz,15,8,564.8086448756737,1.0,0,326.9,7,1,0,4.1,7,1,0,4.396441711969864
EUCR Gent,2023-08-07,M.U.C.,Frizzly Bears,15,4,600.0,1.0,0,492.09,11,1,0,6.16,11,1,0,6.264228591333193
EUCR Gent,2023-08-07,M.U.C.,Københavns Frisbee Klub (KFK),13,12,125.0,1.0,0,71.41999999999996,1,1,0,0.7300000000000004,1,1,0,0.8331416632755051
EUCR Gent,2023-08-07,Wall City,Amsterdam Ultimate Club,15,11,381.1647521399218,1.0,0,512.23,4,1,0,6.46,4,1,0,6.766136231782092
EUCR Gent,2023-08-07,Wall City,Bad Skid,13,9,418.5661446562001,1.0,0,-27.029999999999973,4,1,0,-0.5700000000000003,4,1,0,-0.8518325121110255
EUCR Gent,2023-08-07,Wall City,Gentle Open,14,12,220.95664314305532,1.0,0,216.22,2,1,0,2.08,2,1,0,2.3928858959182264
EUCR Gent,2023-08-07,Wall City,Heidees Open,15,10,453.6039151898044,1.0,0,358.04,5,1,0,4.46,5,1,0,4.773767816933017
EUCR Gent,2023-08-07,Wall City,M.U.C.,15,12,300.4922431832018,1.0,0,-8.529999999999973,3,1,0,-0.16999999999999993,3,1,0,-0.025499975435030464
EUCR Bern,2023-08-27,Alligators,Cus Padova Barbastreji,15,11,381.1647521399218,1.0,0,219.76,4,1,0,2.44,4,1,0,2.7038795708873167
EUCR Bern,2023-08-27,Alligators,Red Bulls,12,8,441.15462425988915,1.0,0,206.74,4,1,0,1.7399999999999998,4,1,0,2.1275580142764206
EUCR Bern,2023-08-27,BFD La Fotta,Alligators,15,7,600.0,1.0,0,450.83000000000004,8,1,0,6.41,8,1,0,6.432301154527899
EUCR Bern,2023-08-27,BFD La Fotta,Flying Angels Bern,15,6,600.0,1.0,0,539.87,9,1,0,7.609999999999999,9,1,0,7.603512002923509
EUCR Bern,2023-08-27,BFD La Fotta,Flying Angels Bern,15,6,600.0,1.0,0,539.87,9,1,0,7.609999999999999,9,1,0,7.603512002923509
EUCR Bern,2023-08-27,BFD La Fotta,Iznogood,15,6,600.0,1.0,0,469.70000000000005,9,1,0,6.319999999999999,9,1,0,6.417603558284927
EUCR Bern,2023-08-27,BFD La Fotta,Solebang,15,5,600.0,1.0,0,553.86,10,1,0,7.319999999999999,10,1,0,7.145803237000749
EUCR Bern,2023-08-27,Cotarica Grandes,Cus Padova Barbastreji,15,10,453.6039151898044,1.0,0,180.95,5,1,0,2.48,5,1,0,2.587613568799995
EUCR Bern,2023-08-27,Cotarica Grandes,Freespeed,14,8,536.0348119187572,1.0,0,247.68,6,1,0,3.29,6,1,0,3.450149640120525
EUCR Bern,2023-08-27,Cotarica Grandes,Iznogood,11,7,466.8933257329327,0.9733285267845752,0,-19.939999999999998,4,1,0,-0.050000000000000266,4,1,0,-0.13799610669181384
EUCR Bern,2023-08-27,Flying Angels Bern,Alligators,15,13,214.17926913507503,1.0,0,-89.04,2,1,0,-1.2,2,1,0,-1.4965050040041188
EUCR Bern,2023-08-27,Flying Angels Bern,Panthers Bern,15,10,453.6039151898044,1.0,0,68.33,5,1,0,0.52,5,1,0,0.4123960470706489
EUCR Bern,2023-08-27,Flying Angels Bern,Tchac,13,12,125.0,1.0,0,-345.57,1,1,0,-4.3999999999999995,1,1,0,-4.779159427379696
EUCR Bern,2023-08-27,Freespeed,Red Bulls,14,9,473.8676990361691,1.0,0,-79.75,5,1,0,-1.5100000000000002,5,1,0,-1.4861087909334625
EUCR Bern,2023-08-27,Iznogood,Freespeed,12,5,600.0,0.9459053029269173,0,267.62,7,1,0,3.3400000000000003,7,1,0,3.580569147633817
EUCR Bern,2023-08-27,Iznogood,Solebang,9,8,125.0,0.9459053029269173,0,84.16,1,1,0,1.0000000000000002,1,1,0,0.9146139955338572
EUCR Bern,2023-08-27,Panthers Bern,Freespeed,15,12,300.4922431832018,1.0,0,129.12,3,1,0,1.5299999999999998,3,1,0,1.7115140226772176
EUCR Bern,2023-08-27,Panthers Bern,Iznogood,11,10,125.0,1.0,0,-138.5,1,1,0,-1.8100000000000003,1,1,0,-1.9213868217540675
EUCR Bern,2023-08-27,Panthers Bern,Red Bulls,15,8,564.8086448756737,1.0,0,49.370000000000005,7,1,0,0.019999999999999796,7,1,0,0.2279824425825847
EUCR Bern,2023-08-27,Panthers Bern,Solebang,13,10,328.14240231865136,1.0,0,-54.34,3,1,0,-0.81,3,1,0,-1.014697965839371
EUCR Bern,2023-08-27,Red Bulls,Cus Padova Barbastreji,14,12,220.95664314305532,1.0,0,13.02,2,1,0,0.7000000000000002,2,1,0,0.5914432103134821
EUCR Bern,2023-08-27,Red Bulls,Freespeed,15,0,600.0,1.0,0,79.75,15,1,0,1.5100000000000002,15,1,0,1.4861087909334643
EUCR Bern,2023-08-27,Red Bulls,Iznogood,11,10,125.0,1.0,0,-187.87,1,1,0,-1.83,1,1,0,-2.1451928840266774
EUCR Bern,2023-08-27,Solebang,Cotarica Grandes,11,10,125.0,1.0,0,-64.22,1,1,0,-0.95,1,1,0,-0.7770537751559079
EUCR Bern,2023-08-27,Solebang,Cus Padova Barbastreji,15,6,600.0,1.0,0,116.73,9,1,0,1.53,9,1,0,1.8268857778216976
EUCR Bern,2023-08-27,Tchac,Alligators,15,8,564.8086448756737,1.0,0,256.53,7,1,0,3.1999999999999997,7,1,0,3.390425284180065
EUCR Bern,2023-08-27,Tchac,Cotarica Grandes,13,12,125.0,1.0,0,295.34000000000003,1,1,0,3.1599999999999997,1,1,0,3.504086675913264
EUCR Bern,2023-08-27,Tchac,Cus Padova Barbastreji,15,10,453.6039151898044,1.0,0,476.29,5,1,0,5.64,5,1,0,5.855721881983261
EUCR Bern,2023-08-27,Tchac,Panthers Bern,14,11,313.3379659704299,1.0,0,413.9,3,1,0,4.92,3,1,0,5.146474497500797
EUCR Bern,2023-08-27,Tchac,Solebang,15,8,564.8086448756737,1.0,0,359.56,7,1,0,4.109999999999999,7,1,0,4.229951202533563
EUCR Warsaw,2023-08-27,FWD>>,NXT,14,10,398.70186369942724,1.0,0,414.26,4,1,0,5.61,4,1,0,5.5302700860220035
EUCR Warsaw,2023-08-27,FWD>>,PirU,14,12,220.95664314305532,1.0,0,98.82999999999998,2,1,0,1.18,2,1,0,1.4237015750068203
EUCR Warsaw,2023-08-27,FWD>>,Terrible Monkeys,15,14,125.0,1.0,0,101.1,1,1,0,0.6200000000000001,1,1,0,0.7538643256825441
EUCR Warsaw,2023-08-27,Helsinki Ultimate,Prague Devils,15,7,600.0,1.0,0,-122.24000000000001,8,1,0,-1.6599999999999997,8,1,0,-1.647822893196457
EUCR Warsaw,2023-08-27,Helsinki Ultimate,SLOVENIA,15,10,453.6039151898044,1.0,0,146.06000000000006,5,1,0,1.4300000000000006,5,1,0,2.172368101364544
EUCR Warsaw,2023-08-27,NXT,Helsinki Ultimate,14,12,220.95664314305532,1.0,0,-93.11000000000001,2,1,0,-1.5300000000000002,2,1,0,-1.3262774924467067
EUCR Warsaw,2023-08-27,Otso,Helsinki Ultimate,15,8,564.8086448756737,1.0,0,167.68,7,1,0,1.3199999999999998,7,1,0,1.347854673157478
EUCR Warsaw,2023-08-27,Otso,NXT,13,11,228.8403622143806,1.0,0,260.79,2,1,0,2.85,2,1,0,2.6530536038291466
EUCR Warsaw,2023-08-27,Otso,SLOVENIA,14,10,398.70186369942724,1.0,0,313.74000000000007,4,1,0,2.7500000000000004,4,1,0,3.4750008662362966
EUCR Warsaw,2023-08-27,Otso,thebigEZ,15,13,214.17926913507503,1.0,0,-94.19,2,1,0,-2.42,2,1,0,-2.7278182230466896
EUCR Warsaw,2023-08-27,Outsiterz,FWD>>,15,8,564.8086448756737,1.0,0,109.33000000000001,7,1,0,1.81,7,1,0,2.294107688176542
EUCR Warsaw,2023-08-27,Outsiterz,NXT,15,3,600.0,1.0,0,523.59,12,1,0,7.42,12,1,0,7.406735492706975
EUCR Warsaw,2023-08-27,Outsiterz,PirU,15,7,600.0,1.0,0,208.16,8,1,0,2.9899999999999998,8,1,0,3.664613333273877
EUCR Warsaw,2023-08-27,Outsiterz,Terrible Monkeys,15,10,453.6039151898044,1.0,0,210.43,5,1,0,2.43,5,1,0,3.02472270533168
EUCR Warsaw,2023-08-27,Outsiterz,thebigEZ,15,11,381.1647521399218,1.0,0,168.60999999999999,4,1,0,2.15,4,1,0,2.6479675253651678
EUCR Warsaw,2023-08-27,Panthers Wroclaw - Open,FWD>>,15,7,600.0,1.0,0,263.17,8,1,0,3.17,8,1,0,3.317750433154689
EUCR Warsaw,2023-08-27,Panthers Wroclaw - Open,Helsinki Ultimate,15,7,600.0,1.0,0,584.3199999999999,8,1,0,7.25,8,1,0,7.201912947299263
EUCR Warsaw,2023-08-27,Panthers Wroclaw - Open,Outsiterz,15,11,381.1647521399218,1.0,0,153.84,4,1,0,1.3599999999999999,4,1,0,1.0594828204723363
EUCR Warsaw,2023-08-27,Panthers Wroclaw - Open,Prague Devils,15,9,515.4814780292847,1.0,0,462.08,6,1,0,5.59,6,1,0,5.863348515539901
EUCR Warsaw,2023-08-27,Panthers Wroclaw - Open,Uprising,15,8,564.8086448756737,1.0,0,406.58,7,1,0,4.55,7,1,0,4.935582387812278
EUCR Warsaw,2023-08-27,Panthers Wroclaw - Open,thebigEZ,13,11,228.8403622143806,1.0,0,322.45,2,1,0,3.51,2,1,0,3.6617922540143972
EUCR Warsaw,2023-08-27,PirU,NXT,15,12,300.4922431832018,1.0,0,315.43,3,1,0,4.43,3,1,0,4.255481114521743
EUCR Warsaw,2023-08-27,PirU,Prague Devils,14,12,220.95664314305532,1.0,0,100.07999999999998,2,1,0,1.2400000000000002,2,1,0,1.387274241763901
EUCR Warsaw,2023-08-27,PirU,SLOVENIA,15,6,600.0,1.0,0,368.38000000000005,9,1,0,4.33,9,1,0,5.030994704889814
EUCR Warsaw,2023-08-27,PirU,Uprising,14,12,220.95664314305532,1.0,0,44.579999999999984,2,1,0,0.20000000000000018,2,1,0,0.32469927030061285
EUCR Warsaw,2023-08-27,Prague Devils,NXT,15,9,515.4814780292847,1.0,0,215.35000000000002,6,1,0,3.19,6,1,0,2.945490244371559
EUCR Warsaw,2023-08-27,Prague Devils,SLOVENIA,15,7,600.0,1.0,0,268.30000000000007,8,1,0,3.0900000000000003,8,1,0,3.7603647958167308
EUCR Warsaw,2023-08-27,Prague Devils,thebigEZ,15,14,125.0,1.0,0,-139.63,1,1,0,-2.08,1,1,0,-2.4337986791933925
EUCR Warsaw,2023-08-27,Terrible Monkeys,Otso,15,3,600.0,1.0,0,52.369999999999976,12,1,0,2.1399999999999997,12,1,0,2.348278597327436
EUCR Warsaw,2023-08-27,Terrible Monkeys,SLOVENIA,15,7,600.0,1.0,0,366.11,8,1,0,4.890000000000001,8,1,0,5.619473156397596
EUCR Warsaw,2023-08-27,Uprising,FWD>>,13,8,496.1596377856195,1.0,0,-143.40999999999997,5,1,0,-1.3800000000000001,5,1,0,-1.7448160249160622
EUCR Warsaw,2023-08-27,Uprising,Otso,14,12,220.95664314305532,1.0,0,10.060000000000002,2,1,0,1.38,2,1,0,1.3657074025797904
EUCR Warsaw,2023-08-27,Uprising,SLOVENIA,15,7,600.0,1.0,0,323.80000000000007,8,1,0,4.130000000000001,8,1,0,4.740714291055202
EUCR Warsaw,2023-08-27,Uprising,Terrible Monkeys,11,8,365.60925011032475,1.0,0,-42.309999999999974,3,1,0,-0.76,3,1,0,-0.9967788888013995
EUCR Warsaw,2023-08-27,thebigEZ,Helsinki Ultimate,15,8,564.8086448756737,1.0,0,261.87,7,1,0,3.7399999999999998,7,1,0,4.010143540913212
EUCR Warsaw,2023-08-27,thebigEZ,Terrible Monkeys,15,12,300.4922431832018,1.0,0,41.82000000000002,3,1,0,0.28,3,1,0,0.3906616360099058
UK Nationals,2023-08-27,Alba,Newcastle Brown,15,4,600.0,1.0,1,703.3100000000001,11,1,0,9.97,11,1,0,9.511556498318306
UK Nationals,2023-08-27,Alba,Ranelagh,15,14,125.0,1.0,0,63.72000000000001,1,1,0,0.8999999999999999,1,1,0,1.02589591501485
UK Nationals,2023-08-27,Alba,SmashD,15,10,453.6039151898044,1.0,0,240.69,5,1,0,3.21,5,1,0,3.4451769891003856
UK Nationals,2023-08-27,Alba,SmashD,15,5,600.0,1.0,0,240.69,10,1,0,3.21,10,1,0,3.4451769891003856
UK Nationals,2023-08-27,Bristol Open,Dublin Frisbee 7s,15,3,600.0,1.0,0,664.62,12,1,0,9.7,12,1,0,9.317937667014586
UK Nationals,2023-08-27,Bristol Open,Ranelagh,15,14,125.0,1.0,0,-154.91,1,1,0,-1.1600000000000001,1,1,0,-1.5640445557726288
UK Nationals,2023-08-27,Bristol Open,XVI,14,9,473.8676990361691,1.0,0,198.14999999999998,5,1,0,2.94,5,1,0,3.425278399864414
UK Nationals,2023-08-27,Chevron Action Flash,Alba,15,13,214.17926913507503,1.0,0,102.84999999999997,2,1,0,1.2499999999999996,2,1,0,1.5573676299942143
UK Nationals,2023-08-27,Chevron Action Flash,Clapham Ultimate,12,11,125.0,1.0,0,-272.9800000000001,1,1,0,-3.1900000000000004,1,1,0,-3.4586723216151736
UK Nationals,2023-08-27,Chevron Action Flash,Ka-Pow!,15,8,564.8086448756737,1.0,0,740.7,7,1,0,9.68,7,1,0,9.703505630805115
UK Nationals,2023-08-27,Chevron Action Flash,Reading Open,15,3,600.0,1.0,1,924.69,12,1,0,12.04,12,1,0,10.925221821959767
UK Nationals,2023-08-27,Clapham Ultimate,Bristol Open,15,10,453.6039151898044,1.0,0,594.46,5,1,0,6.5,5,1,0,7.074280218664178
UK Nationals,2023-08-27,Clapham Ultimate,PELT Ultimate,15,3,600.0,1.0,1,841.2900000000001,12,1,0,11.06,12,1,0,10.449272319198677
UK Nationals,2023-08-27,Clapham Ultimate,XVI,15,10,453.6039151898044,1.0,0,792.61,5,1,0,9.44,5,1,0,9.478744997883172
UK Nationals,2023-08-27,Dublin Frisbee 7s,Reading Open,14,13,125.0,1.0,0,-61.40999999999997,1,1,0,-0.9700000000000006,1,1,0,-1.184031609161984
UK Nationals,2023-08-27,Ka-Pow!,Dublin Frisbee 7s,15,9,515.4814780292847,1.0,0,245.39999999999998,6,1,0,3.33,6,1,0,3.452280531260218
UK Nationals,2023-08-27,Ka-Pow!,Newcastle Brown,15,14,125.0,1.0,0,65.46000000000004,1,1,0,1.54,1,1,0,1.234700044506841
UK Nationals,2023-08-27,Newcastle Brown,Ka-Pow!,13,12,125.0,1.0,0,-65.46000000000004,1,1,0,-1.54,1,1,0,-1.2347000445068428
UK Nationals,2023-08-27,Newcastle Brown,Reading Open,13,12,125.0,1.0,0,118.52999999999997,1,1,0,0.8199999999999994,1,1,0,1.089328897310569
UK Nationals,2023-08-27,PELT Ultimate,Dublin Frisbee 7s,14,10,398.70186369942724,1.0,0,417.78999999999996,4,1,0,5.140000000000001,4,1,0,5.4197572897731305
UK Nationals,2023-08-27,PELT Ultimate,Reading Open,15,10,453.6039151898044,1.0,0,356.38,5,1,0,4.17,5,1,0,4.360078290401731
UK Nationals,2023-08-27,PELT Ultimate,XVI,12,11,125.0,1.0,0,-48.680000000000035,1,1,0,-1.62,1,1,0,-1.733717277881535
UK Nationals,2023-08-27,Ranelagh,Bristol Open,15,9,515.4814780292847,1.0,0,154.91,6,1,0,1.1600000000000001,6,1,0,1.5640445557726323
UK Nationals,2023-08-27,Ranelagh,Dublin Frisbee 7s,15,6,600.0,1.0,1,819.53,9,1,0,10.86,9,1,0,10.22001292298311
UK Nationals,2023-08-27,Ranelagh,XVI,15,13,214.17926913507503,1.0,0,353.06,2,1,0,4.1,2,1,0,4.873289117972202
UK Nationals,2023-08-27,Reading Open,Ka-Pow!,14,13,125.0,1.0,0,-183.99,1,1,0,-2.3599999999999994,1,1,0,-2.3102190229886883
UK Nationals,2023-08-27,SmashD,Bristol Open,11,9,249.2068104043629,1.0,0,-22.060000000000002,2,1,0,-1.15,2,1,0,-0.9093834028924821
UK Nationals,2023-08-27,SmashD,Newcastle Brown,15,6,600.0,1.0,0,462.62000000000006,9,1,0,6.76,9,1,0,7.100495540154476
UK Nationals,2023-08-27,SmashD,Reading Open,15,7,600.0,1.0,0,581.15,8,1,0,7.579999999999999,8,1,0,7.917641438031037
UK Nationals,2023-08-27,XVI,Ka-Pow!,15,10,453.6039151898044,1.0,0,221.07000000000002,5,1,0,3.43,5,1,0,3.816537410118059
UK Nationals,2023-08-27,XVI,PELT Ultimate,15,12,300.4922431832018,1.0,0,48.680000000000035,3,1,0,1.62,3,1,0,1.733717277881535
